{"type":"FeatureCollection","metadata":{"source":"OCHA / Humanitarian Data Exchange (cod-ab-lka)","licence":"CC-BY-IGO","url":"https://data.humdata.org/dataset/cod-ab-lka","simplify_tolerance_deg":0.005,"coordinate_precision":4},"features":[{"type":"Feature","id":"colombo","properties":{"district_id":"colombo","name":"Colombo","pcode":"LK11","province":"Western"},"geometry":{"type":"Polygon","coordinates":[[[80.17930016600019,6.977575351999974],[80.21684366700015,6.975433105000093],[80.22308404799998,6.949786513000163],[80.22117933800013,6.936201244000074],[80.20813112700012,6.937502043000165],[80.2110774460001,6.91682817700007],[80.18882090000011,6.898456183000121],[80.17546527100006,6.859852362000026],[80.19482444800019,6.85153759300016],[80.20131722300016,6.815772610000067],[80.17975136000001,6.81445082200014],[80.17417032500003,6.821675955000103],[80.16681603100011,6.816582596000103],[80.14707996600004,6.825912360000075],[80.11587066500016,6.804744800000151],[80.1262171620001,6.782220917000188],[80.12487495100015,6.772092397000051],[80.11623667000015,6.769927916000086],[80.10594647200014,6.775881301000027],[80.08972227700008,6.815318584000181],[80.07613264300005,6.815760940000189],[80.06174855199998,6.790409006000061],[80.0362454270001,6.806364865000148],[80.0029427140002,6.770948364000162],[79.97577768800016,6.75797082400004],[79.95047967400006,6.763415221000116],[79.93796674800018,6.747285247000093],[79.92023452400014,6.749178530000108],[79.91286011300002,6.764748463000103],[79.89020744100014,6.776940617999969],[79.89950338600005,6.716531433000114],[79.86275534700019,6.825154200000043],[79.84311067900018,6.927884799000026],[79.82957308100004,6.922242675000064],[79.82044062000017,6.9300311020001],[79.822566424,6.957191919000024],[79.83070286400016,6.965845658000092],[79.82380884700007,6.944639660000178],[79.83909754600018,6.945334220000063],[79.83983401200004,6.951814060000117],[79.84220846300013,6.945812252000053],[79.83992319500004,6.960769088000177],[79.84486808800017,6.955803308000156],[79.84623515900006,6.951797835000093],[79.84289867900003,6.939969874000155],[79.84726911500013,6.938001911000129],[79.85748209700017,6.95647278600012],[79.8533027810002,6.961116609000044],[79.87908831500016,6.98117776800018],[79.88499381700007,6.97489583000015],[79.8797470510001,6.957363276000081],[79.89942275000016,6.956087674000059],[79.89970319500014,6.947395773000039],[79.91671156100006,6.945758444000035],[79.92295581400003,6.952528484000084],[79.9438556770001,6.938443586000176],[79.95480860700007,6.943147802],[79.98582322300007,6.935383149000188],[79.99386987399998,6.94423425500014],[80.01349958200007,6.946936251000011],[80.01996950100005,6.924810181000055],[80.0601106630001,6.907032639000136],[80.06439438700016,6.912972477000039],[80.09309638900015,6.912186710000128],[80.09870940400015,6.951592397000184],[80.12414519000009,6.974507088000166],[80.16575163600004,6.970782508000184],[80.169188518,6.97943839900006],[80.17930016600019,6.977575351999974]]]}},{"type":"Feature","id":"gampaha","properties":{"district_id":"gampaha","name":"Gampaha","pcode":"LK12","province":"Western"},"geometry":{"type":"Polygon","coordinates":[[[80.14886709400014,7.312423103000015],[80.14363339700009,7.303667151000127],[80.20051181500008,7.25113088500018],[80.18668340400018,7.235235760000137],[80.1824079220001,7.193796423000094],[80.16303277800017,7.194168870000055],[80.15875796700004,7.184407420000127],[80.15296599000015,7.192720340000108],[80.14616188200011,7.188964480000038],[80.15389208800002,7.183192399000063],[80.15892426900012,7.136037658000134],[80.16329041200015,7.12511204600014],[80.1747040570001,7.136246942000014],[80.21270225900014,7.132200566000051],[80.194961019,7.100361290000023],[80.1859139730002,7.103244411000105],[80.1643385270001,7.058637028000078],[80.18113419800005,6.979358430000104],[80.169188518,6.97943839900006],[80.16692004800007,6.970851007000078],[80.12414519000009,6.974507088000166],[80.09870940400015,6.951592397000184],[80.09309638900015,6.912186710000128],[80.06439438700016,6.912972477000039],[80.0601106630001,6.907032639000136],[80.01996950100005,6.924810181000055],[80.01349958200007,6.946936251000011],[79.99386987399998,6.94423425500014],[79.98582322300007,6.935383149000188],[79.95480860700007,6.943147802],[79.9438556770001,6.938443586000176],[79.93395144500005,6.950524177000091],[79.91605557500009,6.945742900000141],[79.89838780400015,6.947919668000111],[79.899300127,6.956140344000175],[79.88189513200012,6.955017294000129],[79.88481832400004,6.97658275800012],[79.86901584700018,6.978007393000155],[79.81688972799998,7.203307711000093],[79.82580863900012,7.208318716000065],[79.83367702500016,7.199311536000153],[79.82856935300015,7.209837146999973],[79.83951345900005,7.225927927000157],[79.84101235700007,7.272888403000081],[79.85409131000017,7.277011271000163],[79.86635603500002,7.270983412000135],[79.87462833000018,7.282698592999964],[79.89075934800007,7.273340380000093],[79.89975709499998,7.281379517000062],[79.90345787700016,7.274432019000074],[79.9091862300001,7.279249889000084],[79.90807910400014,7.265245471000071],[79.91492817600016,7.276923811000188],[79.92823801500003,7.27285314500017],[79.92410443200004,7.284615963000022],[79.94594235300008,7.273924780000129],[79.95604970800014,7.282430270000077],[79.95096819200018,7.290094680999971],[79.97684713500007,7.292407998000158],[80.00784719100017,7.321817796000119],[80.01525896800013,7.314312599000061],[80.02732591800009,7.317328157000134],[80.03112454100005,7.302125568000065],[80.04710028700009,7.299441000000115],[80.0568075610002,7.283769852000091],[80.12371705700014,7.330274983000038],[80.14886709400014,7.312423103000015]],[[80.16062665600003,7.202556319000109],[80.16019148700019,7.198503794000089],[80.167061052,7.200099767000097],[80.1654911490001,7.20300286100013],[80.16062665600003,7.202556319000109]]]}},{"type":"Feature","id":"kalutara","properties":{"district_id":"kalutara","name":"Kalutara","pcode":"LK13","province":"Western"},"geometry":{"type":"MultiPolygon","coordinates":[[[[80.177702097,6.81585766600017],[80.20607639100007,6.732331325000189],[80.19912801499999,6.726625195000054],[80.21613527000005,6.691405585000041],[80.24951843400015,6.658510044000082],[80.25497873000018,6.627080120000187],[80.28194973800015,6.618256345000077],[80.30407113100006,6.595451991000061],[80.31443172600007,6.570654899000033],[80.29515844100013,6.562742552000032],[80.30574224000003,6.538204128000132],[80.3803720210002,6.434882799000093],[80.37915223400006,6.424957351000046],[80.36851955300006,6.427529733000085],[80.31284669000001,6.396656570000118],[80.29102965000004,6.3935495180001],[80.29746831900013,6.324907280000161],[80.23898945100018,6.376986601],[80.21788079000004,6.380278223000062],[80.20638277900002,6.372431779000124],[80.20764217900017,6.359869769000056],[80.18980916000015,6.354554513000096],[80.15448367400012,6.367751473999988],[80.13083277900017,6.365726764000158],[80.10844229200006,6.389031776000024],[80.08526750100003,6.401990536000028],[80.06908121400011,6.398188245000085],[80.01420740300006,6.436034491000157],[79.99659525800007,6.427478179000104],[79.97432780200012,6.459928599000079],[79.97333591500018,6.470494737000024],[79.98269859400011,6.479036529000098],[79.98009323700012,6.516424819000122],[79.90072133700005,6.713784296000085],[79.90237485300008,6.728730488000053],[79.8863143210001,6.772531496000056],[79.89470669400004,6.777068388000089],[79.91321974900012,6.764390254000034],[79.91955001200012,6.749632995000184],[79.93796674800018,6.747285247000093],[79.95047967400006,6.763415221000116],[79.97577768800016,6.75797082400004],[80.0029427140002,6.770948364000162],[80.0362454270001,6.806364865000148],[80.06260979200005,6.790697369000043],[80.07991346400019,6.81681688600014],[80.0978401980002,6.804276742000127],[80.10933349600009,6.771325005000165],[80.12343627100017,6.770833764000088],[80.1262171620001,6.782220917000188],[80.11637248,6.805367541000066],[80.14894636100018,6.826465061000079],[80.177702097,6.81585766600017]]],[[[79.97956823800007,6.448367198000142],[79.9795841990001,6.447897480000165],[79.97689930100017,6.452591994000102],[79.97903023900005,6.45003205200004],[79.97956823800007,6.448367198000142]]],[[[79.97936409500016,6.447016902000144],[79.97905506100017,6.446528654000076],[79.97832815900006,6.446704299000146],[79.97857801200007,6.447114949000024],[79.97936409500016,6.447016902000144]]],[[[79.97917602800015,6.441485464000039],[79.97904118500009,6.441466264999974],[79.97902985100006,6.441604146000088],[79.97925902200006,6.441653785000028],[79.97917602800015,6.441485464000039]]],[[[79.97161782900014,6.469787184000154],[79.97206608,6.469422211000051],[79.97175981900017,6.468831977000093],[79.97135760200018,6.46918499800006],[79.97161782900014,6.469787184000154]]],[[[79.97080674900019,6.472188860000131],[79.9708822790002,6.470841285000063],[79.970360353,6.470572353000023],[79.97001566300008,6.471880529000089],[79.97080674900019,6.472188860000131]]],[[[79.96971981800004,6.461853938000104],[79.96747318000013,6.462773981000112],[79.96806401700007,6.464281664999987],[79.96982181600015,6.463822260000086],[79.96971981800004,6.461853938000104]]]]}},{"type":"Feature","id":"kandy","properties":{"district_id":"kandy","name":"Kandy","pcode":"LK21","province":"Central"},"geometry":{"type":"Polygon","coordinates":[[[80.97386910700004,7.488407589000076],[80.96887171700013,7.413576351000188],[80.98147406000004,7.396175487000164],[80.97643699800017,7.36281480800011],[81.01634554900005,7.23486402900005],[81.00855664700003,7.21729398400015],[80.9811672670001,7.213141713000027],[80.97135278300004,7.196892456000171],[80.94279685300006,7.202893378000056],[80.85150959900017,7.190828620000104],[80.81960016000005,7.196112405],[80.80219692600019,7.204742544999988],[80.80157459800006,7.226890947000072],[80.7514024400001,7.274535083999979],[80.75444056400016,7.251309893999974],[80.7673319540001,7.237669031000109],[80.77125526800017,7.199893357000064],[80.72822707600017,7.158001740000032],[80.69095421300005,7.093737781000073],[80.64999952000011,7.105002505000073],[80.62741873200014,7.08114652],[80.57873218700013,7.072283048000088],[80.57019614800004,7.083480305000137],[80.56166432400005,7.077406395000082],[80.55460877600012,7.082637310999985],[80.54110686100006,7.073175729000184],[80.53955507500007,7.058592929999975],[80.54952507400014,7.064892023000084],[80.5547545600001,7.06023448600007],[80.56104203300015,7.038939441000025],[80.6015546060001,6.995415885000057],[80.588705361,6.96594811600005],[80.57584693300015,6.962058729000034],[80.57920950900018,6.944980509000061],[80.55119062200015,6.941483931000107],[80.54226291700013,6.96061713500012],[80.51675162200007,6.981709349000027],[80.50566477400008,7.02223583600005],[80.47480509200005,7.036733383000069],[80.46746435500012,7.022227532000045],[80.45816229500014,7.030556741999987],[80.4715244030001,7.064096245000144],[80.45944711700002,7.07938934800012],[80.46405384100018,7.087635792000128],[80.45566744600006,7.095411180000042],[80.43449776500006,7.095418801000051],[80.43533225500016,7.111194426000168],[80.4457806440002,7.10934012000007],[80.46134997100012,7.123552532000019],[80.501395177,7.128219371000114],[80.51150659600006,7.149796352000067],[80.53395795400019,7.153558526000097],[80.52769190600003,7.161444630000176],[80.53207714800016,7.168745422000086],[80.54866991500018,7.167822615000034],[80.51265915600004,7.210993897000151],[80.52190630600006,7.226337300000182],[80.51844747900014,7.241696058000173],[80.50180834400004,7.259965984000132],[80.47877259600006,7.268076250000092],[80.48204896700014,7.284190834000071],[80.42413294600016,7.336095949000139],[80.42343877500019,7.360123765000083],[80.45980703300017,7.352075168],[80.45125883900005,7.361505510000086],[80.4721974110002,7.393315902000097],[80.46175239400009,7.410924016000024],[80.46997159600016,7.413272922000033],[80.5074018200001,7.385775083000112],[80.51894099500015,7.388908386000082],[80.51732459900018,7.414101635000122],[80.55707149500006,7.419339702000173],[80.54071272400006,7.449361185000043],[80.5550362510001,7.449098814000081],[80.5656076790001,7.458406483000033],[80.57381409900017,7.440082175000043],[80.65506412600013,7.384277870000119],[80.69908846100003,7.386819840000101],[80.71436508300013,7.425883649000127],[80.70208489500016,7.457478595],[80.72902123800014,7.474946299000067],[80.75216569300011,7.448781598000096],[80.78956516400007,7.426776494000023],[80.80942608900017,7.440433757000164],[80.80786854600018,7.448114179000072],[80.82107793900019,7.461344312000051],[80.83266898700003,7.459673142000156],[80.85173030200019,7.472791270000187],[80.8649249930001,7.474808174000088],[80.88019459600008,7.46440170700015],[80.89866884800011,7.474807848000069],[80.9069262700001,7.457885629000145],[80.90942020800009,7.46482947100003],[80.91790018300014,7.462278402000038],[80.93135915900012,7.489570072000049],[80.97386910700004,7.488407589000076]]]}},{"type":"Feature","id":"matale","properties":{"district_id":"matale","name":"Matale","pcode":"LK22","province":"Central"},"geometry":{"type":"Polygon","coordinates":[[[80.98847424900003,7.720490635000147],[80.99673769200012,7.65967493200003],[80.98017613400009,7.626775094000152],[80.9717194860001,7.571759023000084],[80.97386910700004,7.488407589000076],[80.93135915900012,7.489570072000049],[80.91790018300014,7.462278402000038],[80.90942020800009,7.46482947100003],[80.9069262700001,7.457885629000145],[80.89866884800011,7.474807848000069],[80.88019459600008,7.46440170700015],[80.8649249930001,7.474808174000088],[80.85173030200019,7.472791270000187],[80.83266898700003,7.459673142000156],[80.82107793900019,7.461344312000051],[80.80786854600018,7.448114179000072],[80.80942608900017,7.440433757000164],[80.78956516400007,7.426776494000023],[80.75216569300011,7.448781598000096],[80.72902123800014,7.474946299000067],[80.70208489500016,7.457478595],[80.71436508300013,7.425883649000127],[80.70600048400019,7.394273424000062],[80.69908846100003,7.386819840000101],[80.65506412600013,7.384277870000119],[80.57381409900017,7.440082175000043],[80.5656076790001,7.458406483000033],[80.56521356900015,7.470929210000122],[80.5764188280001,7.478835540000091],[80.57387565800019,7.508755833000066],[80.56389715900013,7.513658306000082],[80.55261434200014,7.551935747000186],[80.56236364400019,7.572906825000189],[80.57481256000011,7.574795020000181],[80.568756361,7.593194057000119],[80.57793892600012,7.60500123200012],[80.54613630800009,7.654666998000096],[80.55369666700011,7.670604261000051],[80.54946225800012,7.704901187000075],[80.5365804610002,7.709113737000109],[80.53711166400018,7.739443712000025],[80.51844655100007,7.774037030000045],[80.4981133010001,7.782979007000165],[80.49578470800009,7.809599157000036],[80.50214754300009,7.827081561000057],[80.52606838500009,7.827084626000044],[80.56375665700006,7.84870448900017],[80.57435735400009,7.869101520000015],[80.59077560400016,7.867389091000177],[80.60038691700004,7.855496451000135],[80.61415322600016,7.860674674],[80.62354095300003,7.870052219000115],[80.62315221500018,7.883836122000048],[80.63822171500004,7.888420827000061],[80.63222057400009,7.900223746000108],[80.65389630600009,7.913781963000019],[80.65760230200016,7.95939713100006],[80.68178062800013,7.955593659000101],[80.70532469600005,7.990551013000072],[80.75563771000009,8.011477872000057],[80.77863257500013,7.995901279000066],[80.77758838200015,7.967058768000072],[80.7861923480001,7.961902577000046],[80.79963211400008,7.958217469000147],[80.8005332100002,7.976771965000012],[80.81385752699998,7.982773960000031],[80.82331952600015,7.9702002840001],[80.8527443160001,7.962589600000115],[80.83242731100012,7.954900751000139],[80.81767653100013,7.924504829000171],[80.80579681400019,7.830792877000022],[80.79339225100011,7.818543465000062],[80.79629453900009,7.804307473000108],[80.768606492,7.801991282000188],[80.76145759900015,7.791966074000072],[80.76343851600018,7.734484034000047],[80.77395514400007,7.70622974500003],[80.77031146200005,7.691593165000086],[80.77947870000003,7.679041144999985],[80.80438587700002,7.679106627000124],[80.80891313400008,7.671319437000079],[80.8375817880002,7.680596135000087],[80.8525784700002,7.701794106000079],[80.85348782300002,7.688857135000035],[80.86984435800008,7.689603002000013],[80.8777957150001,7.681477239000117],[80.88499935100015,7.714613070000098],[80.92816677800005,7.708582277000176],[80.98847424900003,7.720490635000147]]]}},{"type":"Feature","id":"nuwara_eliya","properties":{"district_id":"nuwara_eliya","name":"Nuwara Eliya","pcode":"LK23","province":"Central"},"geometry":{"type":"Polygon","coordinates":[[[80.94774988600017,7.200209053000037],[80.94307959000008,7.19574397700012],[80.9627466550001,7.15857521900017],[80.96265400300007,7.142492887000174],[80.95233789900004,7.145569099000113],[80.95095946900005,7.129703973000176],[80.96618902699998,7.122267774000136],[80.95161321600006,7.101875060000054],[80.95244948300007,7.090712296000106],[80.96486861699998,7.078305316000126],[80.93139326400018,7.037139296000021],[80.9203931780001,6.990919709000025],[80.89649351300011,6.976118285000155],[80.86397536300007,6.978836745000024],[80.83567257800013,6.955137154999989],[80.82739531800001,6.925587617000076],[80.81198434100008,6.917156393000027],[80.78151737100006,6.921416210000132],[80.776442664,6.914409647000127],[80.81419934500002,6.892048462000105],[80.81207361600008,6.879356501000075],[80.82518171400005,6.87519859400004],[80.8211068780002,6.861178710000161],[80.83726722000006,6.840565490000131],[80.81485346900018,6.828270130000078],[80.82198005500004,6.815650036000079],[80.83769293200015,6.811186724000038],[80.82809700900009,6.793935563000105],[80.80320833400003,6.788960221000025],[80.79116037200009,6.773101258000111],[80.7753961840001,6.779050727000083],[80.74656979500003,6.757302008000124],[80.73419749200013,6.762176658000044],[80.70473192200006,6.754395026999987],[80.66093022100006,6.762263418000089],[80.65237146400005,6.751685187000135],[80.57307414400015,6.764487536000104],[80.54232507700016,6.777118377000022],[80.52686971100013,6.768277050000108],[80.49073729200006,6.787868026000126],[80.4860309,6.798614212000018],[80.50162385600004,6.809714097000153],[80.49029764000011,6.820376481000039],[80.51126125400003,6.847914991999971],[80.49440582900013,6.8716343910001],[80.5003405980001,6.884555574000103],[80.4801913550001,6.89881129000014],[80.43098580000014,6.912351505],[80.43721342200013,6.956566435000127],[80.44504469700013,6.964577125],[80.43209096400011,6.99316831100009],[80.450872145,7.000704497000129],[80.47480509200005,7.036733383000069],[80.50566477400008,7.02223583600005],[80.51675162200007,6.981709349000027],[80.54226291700013,6.96061713500012],[80.55119062200015,6.941483931000107],[80.57920950900018,6.944980509000061],[80.57584693300015,6.962058729000034],[80.588705361,6.96594811600005],[80.6015546060001,6.995415885000057],[80.56104203300015,7.038939441000025],[80.5547545600001,7.06023448600007],[80.54952507400014,7.064892023000084],[80.53955507500007,7.058592929999975],[80.54103148200011,7.073042899000029],[80.55460877600012,7.082637310999985],[80.56166432400005,7.077406395000082],[80.57019614800004,7.083480305000137],[80.57873218700013,7.072283048000088],[80.62741873200014,7.08114652],[80.64999952000011,7.105002505000073],[80.69095421300005,7.093737781000073],[80.72822707600017,7.158001740000032],[80.77125526800017,7.199893357000064],[80.7673319540001,7.237669031000109],[80.75444056400016,7.251309893999974],[80.7514024400001,7.274535083999979],[80.80157459800006,7.226890947000072],[80.80156978100007,7.205748846000063],[80.81115663200006,7.198821096000074],[80.85150959900017,7.190828620000104],[80.9160802400001,7.202569291000145],[80.94774988600017,7.200209053000037]]]}},{"type":"Feature","id":"galle","properties":{"district_id":"galle","name":"Galle","pcode":"LK31","province":"Southern"},"geometry":{"type":"MultiPolygon","coordinates":[[[[80.38092184100003,6.426114807999966],[80.42130201300012,6.391015157000083],[80.44142102299998,6.394561793999969],[80.47226620200013,6.37873717399998],[80.4935215820002,6.379178438999986],[80.49243345600007,6.364958912000077],[80.47800654200012,6.365476382000054],[80.46010500600005,6.349556683000117],[80.4959753620002,6.299708630999987],[80.48578726300019,6.284291939000013],[80.47288595800006,6.28002729800005],[80.45371334900011,6.287634324000066],[80.40882699800011,6.333987175000118],[80.37647620500007,6.324814332000074],[80.44124631,6.254373144000169],[80.43464409200016,6.248824629000183],[80.44081863600013,6.226982459000055],[80.42713224400018,6.214058408000142],[80.3861740910001,6.219875808000097],[80.40274657100014,6.191981256000076],[80.3871571570001,6.186231055000121],[80.39579286000009,6.171091793000187],[80.38335376700019,6.164670422000086],[80.38478326800004,6.138399580000168],[80.40151338200019,6.126758914000163],[80.406039282,6.113014259000067],[80.42149432400015,6.109767436000084],[80.437739395,6.092255710000131],[80.4129757300002,6.073169877000055],[80.4049087750002,6.055123365999975],[80.3874008460001,6.054584889000125],[80.38925422900007,6.036162286000035],[80.41295692200003,6.033196083000178],[80.42408768800016,6.019489633000148],[80.39045837100002,6.010503889000063],[80.3799661290002,5.964678123000056],[80.31667410300008,5.990676028000053],[80.26462903000004,5.999255514000083],[80.24962302900019,6.009637000000168],[80.24319093900016,6.005582772000082],[80.23475767200006,6.017562775000044],[80.23903671300019,6.03214463300003],[80.22234260700003,6.035970933000101],[80.21745222300007,6.023654015000091],[80.12357093200018,6.101011303000064],[80.12289884799998,6.111457414000085],[80.09959744700018,6.131320441000184],[80.09921953900016,6.147034207000047],[80.0885893890001,6.167017695000084],[80.06185969800015,6.193503713000041],[80.0518781240001,6.235779237000088],[80.03290669200015,6.268857230000094],[80.03779477300003,6.293259187],[80.02825398800013,6.330486036000025],[79.98549556800009,6.443616517000066],[79.99786130700011,6.426443205000055],[80.01285340100014,6.436596087000055],[80.06908121400011,6.398188245000085],[80.08774426300016,6.400953098000173],[80.13083277900017,6.365726764000158],[80.15448367400012,6.367751473999988],[80.18980916000015,6.354554513000096],[80.20764217900017,6.359869769000056],[80.20638277900002,6.372431779000124],[80.21788079000004,6.380278223000062],[80.23898945100018,6.376986601],[80.29494408100015,6.324960121000174],[80.301258609,6.334951469000146],[80.29033526000012,6.370350394000127],[80.29150846100009,6.394157136000103],[80.31284669000001,6.396656570000118],[80.36851955300006,6.427529733000085],[80.38092184100003,6.426114807999966]]],[[[80.09880031200004,6.139615071000094],[80.09801707500014,6.137122859000158],[80.09841308300008,6.133253573000104],[80.09766346000015,6.136759719000111],[80.09880031200004,6.139615071000094]]]]}},{"type":"Feature","id":"matara","properties":{"district_id":"matara","name":"Matara","pcode":"LK32","province":"Southern"},"geometry":{"type":"MultiPolygon","coordinates":[[[[80.67072720500016,6.305543243000159],[80.65695711300015,6.302539892000084],[80.66325989400019,6.288351606000106],[80.65174043600007,6.272624913000129],[80.66198903300011,6.259993131000044],[80.63722770800013,6.250716093000165],[80.60804953200017,6.198164834000124],[80.61116868900001,6.187800597000148],[80.63550435200017,6.170596455000066],[80.66168951700018,6.171888531000036],[80.64555696100012,6.138367330000165],[80.66284783300011,6.118703071000027],[80.69322921300017,6.123477509000168],[80.6949924000001,6.114228055000126],[80.67900324100009,6.101615830000071],[80.6921796810002,6.077352782000048],[80.69094134700003,6.063571280000133],[80.67852276400004,6.062313117999963],[80.65499342500004,6.040675465000163],[80.66731075700005,6.023785654000051],[80.69464715700008,6.025516863],[80.70019354400006,6.017499991000022],[80.68727609600012,6.007533067000111],[80.68945596700007,5.992126872000028],[80.71809870000004,5.985355470000172],[80.72200464300005,5.959974951000106],[80.69651335300011,5.963585456000146],[80.64940843900013,5.955080771000155],[80.63934217000008,5.943837131000123],[80.62322719600007,5.945760463000113],[80.62007074100012,5.932584073000044],[80.59502188200014,5.926230384000064],[80.59115948300001,5.918696761000149],[80.5838985640001,5.919794513],[80.57958954300017,5.933659487000057],[80.55509108400008,5.942058289000045],[80.52084305600005,5.935393264000027],[80.45375825999997,5.94124016000012],[80.44425536000011,5.946466379000071],[80.45197389500004,5.948013868000146],[80.45345570199999,5.9637166710001],[80.43825603200003,5.972604548000163],[80.42645888400006,5.97074778700005],[80.41858390900012,5.954804187000036],[80.38190913200009,5.964977950000048],[80.39045837100002,6.010503889000063],[80.42412356200009,6.020017355000107],[80.41295692200003,6.033196083000178],[80.38925422900007,6.036162286000035],[80.3874008460001,6.054584889000125],[80.4049087750002,6.055123365999975],[80.4129757300002,6.073169877000055],[80.437739395,6.092255710000131],[80.42149432400015,6.109767436000084],[80.406039282,6.113014259000067],[80.40151338200019,6.126758914000163],[80.38478326800004,6.138399580000168],[80.38335376700019,6.164670422000086],[80.39579286000009,6.171091793000187],[80.3871571570001,6.186231055000121],[80.40274657100014,6.191981256000076],[80.3861740910001,6.219875808000097],[80.42713224400018,6.214058408000142],[80.44081863600013,6.226982459000055],[80.43464409200016,6.248824629000183],[80.44124631,6.254373144000169],[80.37647620500007,6.324814332000074],[80.40882699800011,6.333987175000118],[80.45371334900011,6.287634324000066],[80.475379035,6.280189671000073],[80.4959753620002,6.299708630999987],[80.4611502480002,6.352337202000058],[80.47848391900004,6.365667739000173],[80.53359588800004,6.374333865000096],[80.53434236300006,6.389285911000172],[80.54437424200012,6.388987107000162],[80.54522783000004,6.395138121000173],[80.55460142500016,6.389899454000044],[80.61924202900013,6.396851440000091],[80.61862461200008,6.369900453000071],[80.6063859030001,6.361589168000137],[80.61203732800004,6.345819080000012],[80.66236585600012,6.354289697000013],[80.665251221,6.339277062000178],[80.6582110120001,6.337091531999988],[80.67547319300007,6.32253229500003],[80.67072720500016,6.305543243000159]]],[[[80.61143662700016,5.927979399000094],[80.611504652,5.928235803000177],[80.61256966300016,5.928348080000148],[80.61170694800006,5.927390475000038],[80.61143662700016,5.927979399000094]]],[[[80.42573383600012,5.968215188000045],[80.42614502100008,5.968026444000088],[80.42589779400015,5.967618974000118],[80.42559784700012,5.967730016000075],[80.42573383600012,5.968215188000045]]]]}},{"type":"Feature","id":"hambantota","properties":{"district_id":"hambantota","name":"Hambantota","pcode":"LK33","province":"Southern"},"geometry":{"type":"Polygon","coordinates":[[[81.70704490600008,6.510697337000124],[81.69308666400013,6.486501922000059],[81.6610421850001,6.463729794000074],[81.65266471300009,6.448701759000187],[81.61763353900005,6.430339546000141],[81.61950771900007,6.418224070000065],[81.5998665510001,6.399649066000109],[81.56769499500012,6.382104203000154],[81.55695745700001,6.367146890000072],[81.50219840400013,6.348998820000077],[81.48131326700019,6.310700763],[81.43949794700018,6.294414603],[81.40146403900007,6.25039479700007],[81.34129242500006,6.223592679000035],[81.32422899500006,6.198826692000182],[81.23607850300016,6.179410964000112],[81.2261835990002,6.164151264000111],[81.18316642200011,6.15763427600001],[81.1328460060002,6.133788020000168],[81.12740477200015,6.11995203400005],[81.00087090500006,6.101157581000109],[80.9771381990002,6.087089988000116],[80.94198511200011,6.083470377000026],[80.93630396000009,6.075162944],[80.87358713300006,6.059355089000121],[80.86091012200018,6.04232187700012],[80.80620027100008,6.037041192000117],[80.79981951700006,6.020471204999978],[80.78130710600016,6.006432544000063],[80.7487444360001,5.998758505000069],[80.75026481000015,5.989179256],[80.73861330300002,5.985856794000085],[80.73729768900006,5.971823444000165],[80.70297926900008,5.994040595000172],[80.69244366200007,5.989023757000041],[80.68667091600014,6.005933295999967],[80.70019354400006,6.017499991000022],[80.69464715700008,6.025516863],[80.66731075700005,6.023785654000051],[80.65499342500004,6.040675465000163],[80.67852276400004,6.062313117999963],[80.69094134700003,6.063571280000133],[80.6921796810002,6.077352782000048],[80.67900324100009,6.101615830000071],[80.6949924000001,6.114228055000126],[80.69322921300017,6.123477509000168],[80.66284783300011,6.118703071000027],[80.64555696100012,6.138367330000165],[80.66168951700018,6.171888531000036],[80.63550435200017,6.170596455000066],[80.61116868900001,6.187800597000148],[80.60792579600002,6.199006472000121],[80.63722770800013,6.250716093000165],[80.66198903300011,6.259993131000044],[80.65174043600007,6.272624913000129],[80.66325989400019,6.288351606000106],[80.65929194800015,6.304364222],[80.70339210000003,6.306809760000021],[80.79887010800007,6.267604781999978],[80.84445242000004,6.26663334400007],[80.86357783000011,6.274955943000123],[80.88172321700017,6.246199905000083],[80.88995516300002,6.250714394000113],[80.90920754400003,6.238599359000034],[80.93239951600015,6.23968883900011],[80.9400398210002,6.228783817000021],[80.95339591800013,6.237947893000126],[80.93331572500017,6.274452586000109],[80.93675170000017,6.30424667900013],[80.96802169900013,6.326568345000169],[81.00957496100011,6.341090945000076],[81.01956669900011,6.351655012000094],[81.00768884600012,6.369439680000085],[81.01261996400007,6.393837585000028],[81.0461131900002,6.39820907800015],[81.050344848,6.420577825000066],[81.0626127760001,6.410050672000068],[81.07321997400004,6.422657596000079],[81.1029167100001,6.417299883999988],[81.13802470200005,6.423355955999966],[81.1452413180001,6.39758189500003],[81.15780778400017,6.392688025000098],[81.18479315900015,6.406497312000056],[81.22440003200012,6.35851701100006],[81.22509626300013,6.343914941000151],[81.25108930100015,6.340201524000122],[81.27622203200013,6.366273012000079],[81.38191903500012,6.397109107000176],[81.39442221600018,6.417015779000053],[81.40219933700018,6.406922210000062],[81.4379487170001,6.420371542000112],[81.47546666400007,6.408569253000167],[81.47613751700004,6.449348357000076],[81.48667462700007,6.463296468000124],[81.47949595300014,6.47218137100009],[81.48115483700008,6.495482496000079],[81.56583559000018,6.554328866000048],[81.58194362200015,6.550788194],[81.60004566700019,6.560578153000108],[81.60850614600008,6.580121189000124],[81.6385986090001,6.542155402],[81.66251290600019,6.540716626000176],[81.67455490999998,6.520964763000052],[81.70704490600008,6.510697337000124]]]}},{"type":"Feature","id":"jaffna","properties":{"district_id":"jaffna","name":"Jaffna","pcode":"LK41","province":"Northern"},"geometry":{"type":"MultiPolygon","coordinates":[[[[80.6228066440001,9.458827198999984],[80.61720809300004,9.452038201000164],[80.56178272500017,9.467571756000098],[80.4947376950002,9.509977727000035],[80.45110876600017,9.522804519000147],[80.4389608780001,9.557664450000118],[80.44204906900006,9.577388440000163],[80.3563526740001,9.635722249000082],[80.29943858800016,9.684905502000163],[80.28935763600003,9.656557885000097],[80.27729082200011,9.650618159000146],[80.25686771300008,9.611439104000056],[80.25638908100007,9.611620311000024],[80.25746853500004,9.613294732999975],[80.24694606200012,9.62045640000008],[80.20775820600005,9.640532576999988],[80.1626982410001,9.655366812000011],[80.15506595700009,9.646023051999975],[80.16348347700006,9.632237135000025],[80.17281961300017,9.637132707000092],[80.16528463600014,9.625894697000149],[80.17200592500018,9.62328645000008],[80.15927169399998,9.624207860000126],[80.17496701300001,9.617877663000115],[80.18190235200018,9.623043115000144],[80.17765208100013,9.609834830000182],[80.17864723200017,9.60998499100009],[80.16998758100016,9.608538722000048],[80.17248859400007,9.603988997000101],[80.1861048240001,9.60250802600001],[80.18616003300014,9.602196493000122],[80.1856335650001,9.60044426800016],[80.18451832099998,9.599865893000185],[80.18404711599999,9.595792085000085],[80.1817832540001,9.595236630000045],[80.18184041900014,9.59485515900019],[80.18340350200003,9.594610494000108],[80.18470803000014,9.595533214000056],[80.18430670800018,9.594472687000177],[80.18037039600011,9.592857540000011],[80.20850906800018,9.585635277000108],[80.20035327200003,9.580565994000153],[80.17114456000002,9.598068860000069],[80.14282908900014,9.623690830000157],[80.07675404600008,9.65985208700016],[80.07743070600009,9.64421571400004],[80.13460359900006,9.608826855000189],[80.13021503100003,9.606652290000113],[80.09852068200018,9.61809000200003],[80.04672952200008,9.650136968000027],[80.01874309300018,9.64873413200013],[80.0051832870002,9.662687137000034],[79.99522346900017,9.648136111000099],[79.99737621200006,9.643031772000086],[80.00270212900006,9.642412497000123],[79.99746255100018,9.641605140000024],[79.99806443700004,9.641279126000029],[79.99994810000004,9.641179043000022],[80.00291824800013,9.641837808000105],[80.00592121400007,9.638961385000016],[80.00390103900014,9.63789276500006],[79.99758326000011,9.639752342],[79.99792423200006,9.633497520000105],[80.00274272400014,9.628003457000034],[80.0075609970001,9.630563587000097],[80.00215799400007,9.61646855500004],[80.00623056800009,9.615175781],[80.00095107400006,9.603650564000077],[79.98754002100003,9.597191306000127],[79.96482491200004,9.60830837400016],[79.97785044500017,9.605381836000163],[79.98302951200014,9.621057690000043],[79.980982214,9.621636730000034],[79.9750683740001,9.615831425000124],[79.97648472400004,9.61367768100007],[79.9725982430001,9.612358515000153],[79.96979292200007,9.612638945000072],[79.92218241000018,9.63322014900018],[79.90572865900009,9.616191773000082],[79.89198257000004,9.623275253000145],[79.86225337100007,9.60698791600015],[79.85626117500004,9.567968976999964],[79.80371946600008,9.576770751000083],[79.80305125000001,9.58902746800004],[79.79814803200009,9.579293981000149],[79.7896188420001,9.600976797999976],[79.79997062000007,9.589083822000077],[79.80878969200018,9.590119720000132],[79.81262361500006,9.626955777000035],[79.81840600100014,9.620461849000037],[79.82058655900005,9.625608568000189],[79.82217567100008,9.610085169000172],[79.84430085800011,9.619438731000116],[79.86240927300014,9.607166706000044],[79.89250983600016,9.623679443000185],[79.8689329390001,9.639004020000073],[79.86440396800009,9.658137674000159],[79.844090305,9.683294885],[79.85036559600013,9.69174130000016],[79.84141551500005,9.703255629000125],[79.85864439400012,9.704966299000091],[79.87251680600008,9.693048811000097],[79.88679411300018,9.699064444000157],[79.89996425400017,9.683840716000134],[79.89948271200012,9.670029733999968],[79.93038887300014,9.681492053000056],[79.93523960700003,9.675758071000132],[79.93206888100008,9.672717868000177],[79.9317588630002,9.664989395000134],[79.93396564400007,9.663715674000173],[79.92409852800006,9.659818465],[79.96637122500016,9.63316093900005],[79.98451194300014,9.635218404000057],[79.9839124350001,9.631897548999973],[79.98299916700017,9.631122642000093],[79.9822265300001,9.629765080000027],[79.984120103,9.62506124100014],[79.98085101400017,9.622187424000117],[79.98360091900008,9.62088994000004],[79.98392515700004,9.619799387000114],[79.98601408500008,9.637230198000054],[79.98847423100005,9.639582940000025],[79.9887035770002,9.640446618000112],[79.98910116000013,9.64051897600001],[79.98859723300012,9.641630242000133],[79.99319750000012,9.64527493900016],[80.0053234510001,9.663222451000138],[79.99774467900005,9.688204898000095],[79.98831352000019,9.691913505000116],[79.98063334000011,9.684660370000131],[79.9663265420001,9.706241133000049],[79.95383756899997,9.6891608950001],[79.9397218580001,9.692973220000113],[79.91996576800005,9.744075311000131],[79.8938608150001,9.740827559000024],[79.89265488900014,9.713625248000028],[79.88014700500014,9.70409523100011],[79.8500603120001,9.712680199999966],[79.86132484600006,9.726474267000071],[79.85478427100003,9.749571931000048],[79.86343072200003,9.762144484000146],[79.90121921000008,9.767166927000119],[79.89414479800007,9.763019764000092],[79.89412245199998,9.741215013000101],[79.91989789100006,9.74429021800006],[79.90627166700006,9.758135205000144],[79.91036039800008,9.774750232000088],[79.93034770700012,9.778145502000143],[79.94702077700015,9.794782635000104],[79.98360085100006,9.809885284000131],[80.03609854400008,9.8175760150001],[80.03019697600013,9.823403940000105],[80.10209122900011,9.809019459000183],[80.13970264600016,9.825332045000039],[80.21421259400012,9.835717976000069],[80.25373305400018,9.82348249200004],[80.28305202200005,9.767037941000126],[80.36359626400014,9.663184117000128],[80.6228066440001,9.458827198999984]]],[[[80.20236303400009,9.59232835600011],[80.19986509900008,9.592763300000058],[80.19608202500007,9.594543933000011],[80.20334818500015,9.592793301000142],[80.20236303400009,9.59232835600011]]],[[[80.20274030500013,9.640158900000074],[80.20140679000019,9.638909692000084],[80.19901921700006,9.639330109000184],[80.20148997100006,9.639042877],[80.20274030500013,9.640158900000074]]],[[[80.2022300160001,9.627579693000143],[80.20069342100004,9.625473379000141],[80.19879660100014,9.62705859099998],[80.20043614600013,9.626675568],[80.2022300160001,9.627579693000143]]],[[[80.20166387400013,9.61800674900013],[80.20204365400014,9.617725498000027],[80.20172863600015,9.617264510000098],[80.20154491100016,9.61741127199997],[80.20166387400013,9.61800674900013]]],[[[80.19643926700013,9.59583356700017],[80.19767177400007,9.597005603000127],[80.20099132600006,9.594979840000121],[80.20001932700006,9.594176436000055],[80.19643926700013,9.59583356700017]]],[[[80.19562824100018,9.592216581],[80.19791806200016,9.591374648000055],[80.19937030800008,9.589791347000073],[80.19358925700004,9.592117221000137],[80.19562824100018,9.592216581]]],[[[80.19709846100011,9.602278950000084],[80.19897024200003,9.602060320000135],[80.19430806300016,9.599382559000162],[80.19457718900009,9.602136817000144],[80.19709846100011,9.602278950000084]]],[[[80.19564108100013,9.642406906000076],[80.1986335090001,9.639789725000185],[80.19882692200008,9.639507490000028],[80.19621067900005,9.641742205000071],[80.19564108100013,9.642406906000076]]],[[[80.19676081500006,9.599331596000127],[80.19742403500004,9.599335851000035],[80.19569767700006,9.598734324000077],[80.19637387000012,9.598975337000013],[80.19676081500006,9.599331596000127]]],[[[80.19564841800013,9.598922983000136],[80.19501193100012,9.598762695],[80.19447868400016,9.598465690000069],[80.19511505100013,9.599044984000045],[80.19564841800013,9.598922983000136]]],[[[80.19496124200015,9.643297616000098],[80.19472605200019,9.643871423000064],[80.19474462500006,9.644352470000115],[80.19558385400012,9.64262034300009],[80.19496124200015,9.643297616000098]]],[[[80.1932457800001,9.618155589000025],[80.1905031230001,9.620539875000134],[80.19527843900016,9.619015701000137],[80.19463526200013,9.618240890000038],[80.19420470300014,9.617993469000112],[80.1932457800001,9.618155589000025]]],[[[80.191712773,9.623716523000041],[80.19370344900005,9.624191824000036],[80.19424213500002,9.62294891300013],[80.19272681200016,9.623719872000095],[80.191712773,9.623716523000041]]],[[[80.18702067900011,9.595044743000074],[80.18577565700014,9.599359143000186],[80.19303649400001,9.601971101000117],[80.19142270200007,9.600597239000138],[80.19332649500012,9.596698572000037],[80.18702067900011,9.595044743000074]]],[[[80.19316889400017,9.60020032600005],[80.1931424440001,9.599834893000093],[80.19291396900013,9.599577974000056],[80.19272412500004,9.600033539000037],[80.19316889400017,9.60020032600005]]],[[[80.1930544920001,9.61787042900005],[80.19285977900006,9.617966611000043],[80.19286366800014,9.618074953000075],[80.19304963200005,9.618125221000184],[80.1930544920001,9.61787042900005]]],[[[80.19257838100003,9.618001028000094],[80.1923096610002,9.618058023000117],[80.19226623600008,9.618177002000095],[80.19270863000008,9.61808016200007],[80.19257838100003,9.618001028000094]]],[[[80.17950790500004,9.606711001000065],[80.18809608400016,9.613881029000027],[80.19241013600009,9.613381833000119],[80.1870904700001,9.605214379000074],[80.17950790500004,9.606711001000065]]],[[[80.17863890300009,9.608670485],[80.1870120120002,9.617777661],[80.19187831400012,9.615092133000019],[80.18792196800018,9.614505522000059],[80.18188378700017,9.610369493000064],[80.1822310710001,9.611865288000104],[80.17863890300009,9.608670485]]],[[[80.19151490600007,9.594506797000122],[80.19009994300018,9.594340141000032],[80.18784043900007,9.594928128000106],[80.18932338700006,9.595065958000134],[80.19151490600007,9.594506797000122]]],[[[80.19107414700011,9.62288821400017],[80.19104875300013,9.621790531000045],[80.18790419500004,9.623563908000108],[80.19047377300018,9.62254474100007],[80.19107414700011,9.62288821400017]]],[[[80.18670465700006,9.622182896000083],[80.18566240899997,9.622824774000094],[80.18581436600005,9.62337834900012],[80.18730727300004,9.62285431600003],[80.18670465700006,9.622182896000083]]],[[[80.18306061600009,9.615818435999984],[80.18280507100019,9.613944684000046],[80.1800713680002,9.614113511000085],[80.18045852500018,9.615952564999986],[80.18306061600009,9.615818435999984]]],[[[80.18150951100012,9.628201689999969],[80.18177353900012,9.628082149000136],[80.18183039400009,9.627976336000188],[80.18153943900012,9.627946793000149],[80.18150951100012,9.628201689999969]]],[[[80.18167338500018,9.604275935000032],[80.1814952650002,9.604088776000083],[80.18130576200019,9.604260846000102],[80.18159077600018,9.604352410000047],[80.18167338500018,9.604275935000032]]],[[[80.18126835000015,9.617286434000164],[80.18139607800003,9.616876838000167],[80.18108234700009,9.616206312000145],[80.18091618400013,9.617995850000057],[80.18126835000015,9.617286434000164]]],[[[80.18086850000009,9.605899424000143],[80.18122229000005,9.6055533440001],[80.18123228100006,9.605486363000182],[80.18098554900007,9.605505017000098],[80.18086850000009,9.605899424000143]]],[[[80.18121837899997,9.628627944000073],[80.18011956500004,9.62962006700019],[80.17993222100017,9.630141801000036],[80.18003306400004,9.630140735000111],[80.18121837899997,9.628627944000073]]],[[[80.18093480400006,9.604758732999983],[80.1810036980001,9.60471520700014],[80.18079603300004,9.604638178000073],[80.18079582300004,9.604686062000098],[80.18093480400006,9.604758732999983]]],[[[80.1808769000001,9.604939762000129],[80.18075653200009,9.604815270000131],[80.18052417900009,9.604853116000072],[80.18062554000005,9.604901186000177],[80.1808769000001,9.604939762000129]]],[[[80.18078945000013,9.605149036000057],[80.18060578400019,9.604992117000108],[80.18049438700012,9.605025405000049],[80.18054729400018,9.605092529999979],[80.18078945000013,9.605149036000057]]],[[[80.18017078700018,9.604962435000175],[80.17953062300018,9.60538714400002],[80.17975583500015,9.605880405000107],[80.18073000700008,9.605360781000059],[80.18017078700018,9.604962435000175]]],[[[80.18041473500011,9.605875890000164],[80.18029731300015,9.605843397000058],[80.180383527,9.606034964000173],[80.18046096400013,9.606020768000064],[80.18041473500011,9.605875890000164]]],[[[80.17894131700007,9.604776805000085],[80.17862228000007,9.605256149000127],[80.1786752910001,9.60529931300016],[80.17909334300003,9.604730672000073],[80.17894131700007,9.604776805000085]]],[[[80.17860189800012,9.606548130000022],[80.17858677200013,9.606710716000123],[80.17903682800005,9.606611158000078],[80.17872298500009,9.606495754000093],[80.17860189800012,9.606548130000022]]],[[[80.17851806100003,9.605696228000056],[80.17852254800016,9.605787176000092],[80.1786581770001,9.605739579000158],[80.17862937000012,9.605682089000027],[80.17851806100003,9.605696228000056]]],[[[80.17805394400011,9.626307637000025],[80.17852109800003,9.625960708000036],[80.17817139900012,9.62556318999998],[80.1778766870001,9.626128815000186],[80.17805394400011,9.626307637000025]]],[[[80.17683998000018,9.6301633220001],[80.17733633900014,9.629652253000188],[80.17845170000015,9.629276339000171],[80.17676444800014,9.629310794000105],[80.17683998000018,9.6301633220001]]],[[[80.17832924700002,9.604594762000033],[80.1777544470001,9.604277416000059],[80.17769875700009,9.604971925000086],[80.17793227700008,9.604627512000093],[80.17832924700002,9.604594762000033]]],[[[80.17782706600013,9.606282566000061],[80.17769794800012,9.606436333999966],[80.17782324300009,9.606560962000174],[80.17800321200014,9.606274268000107],[80.17782706600013,9.606282566000061]]],[[[80.17773583700017,9.606674570000166],[80.17760523100003,9.606675332000066],[80.17762892900004,9.606814087999965],[80.17770176200008,9.606728138000165],[80.17773583700017,9.606674570000166]]],[[[80.1770618860001,9.605576706000079],[80.17696072200005,9.605611783000086],[80.1772843940002,9.606220233000158],[80.17743603900004,9.605892188000098],[80.1770618860001,9.605576706000079]]],[[[80.17523603200016,9.628198312000052],[80.17511572600017,9.627968862999978],[80.1751988800001,9.628362142000128],[80.17564115300002,9.62882837800015],[80.17562875800019,9.62869586200003],[80.17523603200016,9.628198312000052]]],[[[80.17467217200004,9.632568186000128],[80.17483362500019,9.631668394000144],[80.17389515800005,9.631214657000157],[80.17438135300006,9.631687352000085],[80.17467217200004,9.632568186000128]]],[[[80.16507653200017,9.639508048000039],[80.16848838400017,9.647149721000062],[80.17336396500008,9.643239165000125],[80.17004552000003,9.64000482400013],[80.16507653200017,9.639508048000039]]],[[[80.1646626370001,9.648460910000097],[80.16530995500017,9.648741457000085],[80.16562781900018,9.648645484000099],[80.16549607100012,9.648500677000072],[80.1646626370001,9.648460910000097]]],[[[80.16449721200019,9.645114824000132],[80.16372683300011,9.6461200010001],[80.16421042700017,9.64657287000017],[80.1655482770002,9.645882274000087],[80.16449721200019,9.645114824000132]]],[[[80.16552879500017,9.638890483000011],[80.16295211800008,9.636622697000178],[80.16115129700017,9.639891769000087],[80.16188775800009,9.64050447500017],[80.16552879500017,9.638890483000011]]],[[[80.16359813200006,9.648014930000102],[80.1624697810002,9.648660077000102],[80.16301282600011,9.649700543000051],[80.16466682400016,9.648828037000158],[80.16359813200006,9.648014930000102]]],[[[80.1632196810001,9.644901989000061],[80.1627178390001,9.64468559400018],[80.16254963900008,9.644762898000181],[80.16273675399998,9.644984349000083],[80.1632196810001,9.644901989000061]]],[[[80.16242880400011,9.644909100000177],[80.16046388300015,9.644836361000102],[80.16017319600019,9.645578084000135],[80.16182543899998,9.646065915000065],[80.16242880400011,9.644909100000177]]],[[[80.16170436100009,9.652142351000123],[80.16189669200014,9.651944124000181],[80.1613060750002,9.651743735000025],[80.16133639300006,9.652184705000082],[80.16170436100009,9.652142351000123]]],[[[80.16029860200007,9.646439906000182],[80.15974047200007,9.647703124000088],[80.16070970600015,9.648021677000088],[80.16143354500008,9.647375201000045],[80.16029860200007,9.646439906000182]]],[[[80.09249229700009,9.642529145000026],[80.09143783400015,9.641148246000057],[80.08622284600017,9.642548384000065],[80.08133811900018,9.647021840000036],[80.08909520900005,9.642472408],[80.09249229700009,9.642529145000026]]],[[[80.08308950300017,9.644336914000121],[80.08313244600004,9.64383295000016],[80.08217811700007,9.64381266900017],[80.08233573200005,9.644183961000124],[80.08308950300017,9.644336914000121]]],[[[80.0793712200001,9.652840204000029],[80.07923251500006,9.652547374000164],[80.07892284000008,9.652663580000024],[80.0790173360001,9.652788368000188],[80.0793712200001,9.652840204000029]]],[[[80.0133467390001,9.641169719000118],[80.00549205300018,9.644989018000047],[80.00294269400018,9.648864723000031],[80.00785899800019,9.64740365199998],[80.0133467390001,9.641169719000118]]],[[[80.00745683900004,9.619823809000025],[80.00690144300006,9.619465251],[80.00663199300016,9.620186602000103],[80.00682728500016,9.619691216000149],[80.00745683900004,9.619823809000025]]],[[[80.00624003400014,9.618586085000118],[80.00586609400011,9.618035104000114],[80.00486553600012,9.618347499000095],[80.005569761,9.618138625000029],[80.00624003400014,9.618586085000118]]],[[[80.00579322200014,9.641135969],[80.00433849,9.641676690000054],[80.0045066850002,9.641733859000112],[80.00479193400008,9.641675146000125],[80.00579322200014,9.641135969]]],[[[80.00524299900019,9.63344549500016],[80.00419168300004,9.629170155999986],[79.99839245900017,9.634010234000073],[80.00095163500004,9.634875536000095],[80.00524299900019,9.63344549500016]]],[[[80.00023419000007,9.645277993000093],[80.00259933300009,9.643538402000104],[80.00386145000016,9.641954624000164],[79.99882414700005,9.64422417000003],[80.00023419000007,9.645277993000093]]],[[[79.99160244100005,9.652683455000158],[79.99033667500015,9.652747367000075],[79.98967870000013,9.653722683000126],[79.99323782100004,9.653131493000103],[79.99160244100005,9.652683455000158]]],[[[79.99012003100017,9.643516097000145],[79.98983216000005,9.643676327000037],[79.989714629,9.644222660000082],[79.99065819200018,9.643506001],[79.99012003100017,9.643516097000145]]],[[[79.98454553700009,9.642184195000084],[79.98784921400011,9.641922101000034],[79.9884030570002,9.639724726000054],[79.98731871300004,9.638924484000086],[79.98454553700009,9.642184195000084]]],[[[79.9844000010001,9.632294940000122],[79.98504102600009,9.630684452000082],[79.98378937900003,9.629600666000101],[79.98278102100011,9.630414742000141],[79.9844000010001,9.632294940000122]]],[[[79.98269936100007,9.622448567000106],[79.98265062000002,9.621896980000031],[79.98223624000002,9.622103695000021],[79.98221561200012,9.622272228000043],[79.98269936100007,9.622448567000106]]],[[[79.98236079500015,9.621660168000176],[79.98232128300003,9.621718123000107],[79.9824653610001,9.621817761000159],[79.98244737900018,9.621723267000164],[79.98236079500015,9.621660168000176]]],[[[79.98153159700007,9.62215873700012],[79.98167538200016,9.622055854000052],[79.98158805100013,9.621969166000156],[79.98134051700009,9.62220020400008],[79.98153159700007,9.62215873700012]]],[[[79.969551083,9.608010973000148],[79.9694588640001,9.608317332000183],[79.97033670700017,9.608023596000066],[79.97016505100004,9.607874243000026],[79.969551083,9.608010973000148]]],[[[79.96717290700008,9.60908854100012],[79.96840207900016,9.608623622000152],[79.96837052800015,9.608205251000072],[79.96681098700014,9.608126650000031],[79.96717290700008,9.60908854100012]]],[[[79.9389327520002,9.677054638000186],[79.93880807900007,9.677685515000064],[79.93980646199998,9.676832617],[79.93951969800008,9.676554079000084],[79.9389327520002,9.677054638000186]]],[[[79.9388294210001,9.673632413000064],[79.93914841100019,9.67429341999997],[79.93959197700008,9.674414086000183],[79.93956653600003,9.673956863000114],[79.9388294210001,9.673632413000064]]],[[[79.93779014200015,9.67417217100018],[79.9374934920001,9.675036314000181],[79.93828492500012,9.676244210000107],[79.93917787400005,9.67455014899997],[79.93779014200015,9.67417217100018]]],[[[79.93568276100012,9.678300671000159],[79.93524867500008,9.679457405000107],[79.93818373600004,9.6772126300001],[79.93677999900012,9.677153667000141],[79.93568276100012,9.678300671000159]]],[[[79.93687922400011,9.676912379000044],[79.93578332400017,9.665079185000081],[79.93548648900003,9.670161595000138],[79.93422775900018,9.672811418000094],[79.93687922400011,9.676912379000044]]],[[[79.93455421400012,9.668781606000096],[79.93456250600008,9.669155128000114],[79.93499203900018,9.669616685],[79.93503320100001,9.669222760000025],[79.93455421400012,9.668781606000096]]],[[[79.9335324770002,9.667346851000161],[79.93266216900014,9.66640399],[79.93404811100004,9.670381699000075],[79.93462423900013,9.669678612000041],[79.9335324770002,9.667346851000161]]],[[[79.9343568160001,9.667325786999982],[79.93458442100018,9.66688695800002],[79.93425252200018,9.66638479400001],[79.934103505,9.667000240000164],[79.9343568160001,9.667325786999982]]],[[[79.93393967100013,9.670371570000043],[79.93314156700018,9.66974685700012],[79.9331342660002,9.670248066000113],[79.93362486400014,9.670769325000151],[79.93393967100013,9.670371570000043]]],[[[79.91538704600015,9.679903975000116],[79.91673906100016,9.680793627000185],[79.91723243500013,9.679652215999965],[79.9169989790002,9.679329546000133],[79.91538704600015,9.679903975000116]]],[[[79.90598874300014,9.75164997500002],[79.9097453070001,9.748335794000127],[79.90804826400006,9.7454571990001],[79.90368326300012,9.749522761000037],[79.90598874300014,9.75164997500002]]],[[[79.9057020300001,9.67733705300003],[79.90524879499998,9.677586953000059],[79.90521140700008,9.677785842000105],[79.9058353960001,9.67755091100014],[79.9057020300001,9.67733705300003]]],[[[79.86486913300013,9.707459906000054],[79.86435427800006,9.708065846000125],[79.86441028300015,9.708164578000094],[79.865015014,9.707487589000152],[79.86486913300013,9.707459906000054]]],[[[79.86176216100006,9.624801119000097],[79.86268912100002,9.626115575000142],[79.86394075000015,9.625297806000049],[79.8621563480001,9.622886458000039],[79.86176216100006,9.624801119000097]]],[[[79.86168477700005,9.618374673],[79.86089349900016,9.616622668000105],[79.8590699900002,9.618182636000029],[79.86025216200011,9.6172041640001],[79.86168477700005,9.618374673]]],[[[79.8530952120002,9.627039090000096],[79.85512243800002,9.635120985000071],[79.86084258100004,9.618162226000152],[79.85694469900011,9.62011764700003],[79.8530952120002,9.627039090000096]]],[[[79.86053193400016,9.61666834500005],[79.8600771420002,9.616498436000143],[79.86001072500011,9.616980982000086],[79.86012666500011,9.616572876000077],[79.86053193400016,9.61666834500005]]],[[[79.85873371400004,9.642042470000149],[79.86035681600009,9.640831518000141],[79.86009618999998,9.640292750000128],[79.85715914999997,9.641759904000025],[79.85873371400004,9.642042470000149]]],[[[79.85867449800014,9.616767348000167],[79.85829029700005,9.617501387000061],[79.85828073800008,9.61770537000018],[79.858767618,9.616924074000167],[79.85867449800014,9.616767348000167]]],[[[79.8584874500001,9.639773423000065],[79.85784256900013,9.639392011000155],[79.85735748100012,9.640079155000137],[79.85789419800005,9.63955076800005],[79.8584874500001,9.639773423000065]]],[[[79.85508970799998,9.616736409],[79.85312373900013,9.616760344000113],[79.85201827600008,9.617812542000138],[79.85494186900013,9.617282572000022],[79.85508970799998,9.616736409]]],[[[79.84788390700004,9.711248794000028],[79.84765214700002,9.711712563000106],[79.84814993200013,9.711947013000156],[79.84838676800018,9.711249660000135],[79.84788390700004,9.711248794000028]]],[[[79.84259642400013,9.620330765000062],[79.8429611520001,9.620141362000084],[79.84299618300008,9.620010436000086],[79.84285626500008,9.620031809000182],[79.84259642400013,9.620330765000062]]],[[[79.83868023100001,9.623579818000053],[79.83767386700009,9.624034832],[79.83742943700008,9.62461394800016],[79.8386862000001,9.624726962000068],[79.83868023100001,9.623579818000053]]],[[[79.81195155000017,9.685415136000017],[79.80757470000003,9.695500501000083],[79.81432803300004,9.716099683000039],[79.81433522200018,9.689188739000087],[79.81195155000017,9.685415136000017]]],[[[79.80191083300008,9.594305806000136],[79.80120854200015,9.594898759000046],[79.80145024700016,9.595627184000023],[79.80233095700004,9.59486419700005],[79.80191083300008,9.594305806000136]]],[[[79.80100586900016,9.579698181000026],[79.80061270900018,9.578874483000106],[79.80019048900004,9.579108799000096],[79.80060498500006,9.58006168500009],[79.80100586900016,9.579698181000026]]],[[[79.79102949800011,9.686809211000025],[79.79324461000004,9.689049549000117],[79.79350747800015,9.67828996600008],[79.79145359600005,9.682222349000085],[79.79102949800011,9.686809211000025]]],[[[79.77621143300019,9.644650017000174],[79.76357557200015,9.658249016000127],[79.78282759400003,9.687242726000079],[79.78696242600006,9.665780373000189],[79.77362694800013,9.653393637000079],[79.77621143300019,9.644650017000174]]],[[[79.77327177200004,9.584607898000115],[79.76340024400002,9.589772909000146],[79.76158914700005,9.606819431000133],[79.77076099100003,9.622083621000115],[79.77729779000009,9.618613840000023],[79.77327177200004,9.584607898000115]]],[[[79.72382185000004,9.476928232000148],[79.70452693100009,9.47591079700004],[79.65482850100011,9.505181015000176],[79.65575355100009,9.553822209000089],[79.67108069200003,9.553648196000154],[79.6926903100001,9.531146170000113],[79.72347798599998,9.527264281000043],[79.73150772500014,9.492198924000093],[79.72382185000004,9.476928232000148]]],[[[79.5253876050001,9.393277498000089],[79.53022727100017,9.388022090000106],[79.52830525800005,9.383304872000053],[79.52143445900003,9.388706717000161],[79.5253876050001,9.393277498000089]]]]}},{"type":"Feature","id":"mannar","properties":{"district_id":"mannar","name":"Mannar","pcode":"LK42","province":"Northern"},"geometry":{"type":"MultiPolygon","coordinates":[[[[80.33996868800006,8.959025489000169],[80.3765877410001,8.941754970000034],[80.401427716,8.86185445600006],[80.38688549699998,8.84676824200011],[80.29723635800019,8.819953751000014],[80.22825707300018,8.826939611],[80.19914130400014,8.765427848000058],[80.18097433300005,8.773318352000103],[80.16875973200007,8.750693648000038],[80.19416773500012,8.732982138000068],[80.23522671100005,8.680394769999964],[80.11491959800009,8.649594249000188],[80.079380265,8.654451777000077],[80.04402503100005,8.674635988000091],[80.0559571660001,8.639376571000128],[80.05266805800005,8.525262178000048],[80.01310364100004,8.533374055000024],[79.97727656400019,8.552891791000036],[79.95555701200004,8.552189836000139],[79.94723733300015,8.560563547000129],[79.93670149900004,8.556130671000176],[79.92051667200019,8.566956779000066],[79.91840476000004,8.589230120000138],[79.94637301500018,8.629903606000141],[79.94941095000013,8.708834653000054],[79.959586194,8.725819959000148],[79.91772593600001,8.804095059000076],[79.9218513400001,8.81160918900008],[79.92105505800015,8.812110192000034],[79.91888649800012,8.8128709020001],[79.91639254200004,8.813162284000043],[79.91314292600009,8.82040897200011],[79.91514030700006,8.822078195000131],[79.91478717700016,8.817702084000132],[79.91689381600008,8.814540700000066],[79.92028239900009,8.81803173600008],[79.92953275400009,8.873702789000163],[79.92595027600015,8.902299563000156],[79.92847507300007,8.897116825000126],[79.93313407599999,8.8983436420001],[79.92808307500013,8.89892218],[79.92854004600002,8.899451212000088],[79.92821664900003,8.900547179000114],[79.92697457500009,8.900909144000138],[79.93231159599998,8.901946875000078],[79.93009098100003,8.911823745],[79.91876591800008,8.934626370000103],[79.91139033100012,8.938368879000052],[79.91157003100005,8.927786750000166],[79.91299703500016,8.924929898000016],[79.91672140600002,8.92302120000005],[79.91584483800017,8.921900176000179],[79.91555705500008,8.923423721],[79.91281458800012,8.924663431999988],[79.91126837000007,8.927671756000052],[79.91041709100006,8.932107059000145],[79.91098036600005,8.939187031000074],[79.91396642199999,8.941446313000142],[79.90285722300018,8.942946427000095],[79.90459217600011,8.948165389999986],[79.9095010760002,8.945488035000096],[79.92517732800019,8.932198910000182],[79.92305635500009,8.947355845000061],[79.95415277700016,8.943350788999965],[79.95471407900004,8.957595507000178],[79.98764595900008,8.97743695100013],[79.99090315500013,8.99544661100009],[80.01487239700003,9.012346008000065],[80.04114342500014,9.015868515000136],[80.06865103000018,9.065903752000168],[80.07835700700008,9.098014377000027],[80.07596676900005,9.12620724499999],[80.08551174600012,9.150842894999982],[80.10096578900004,9.16225457600018],[80.1075195040001,9.202243726000063],[80.1106723760002,9.197861022000154],[80.11872462000014,9.211745211000107],[80.14963157800014,9.211340260000043],[80.19174169100012,9.237236866000103],[80.19544787400008,9.176024508000125],[80.2254254980001,9.114990694000028],[80.21607093600005,9.09725471300004],[80.2198876550001,9.0553940100001],[80.19486067900004,9.045849587000077],[80.17615503700011,8.996630861000028],[80.190047656,8.979410946000144],[80.1777371300002,8.97266748100003],[80.17455860899997,8.95027277700018],[80.33996868800006,8.959025489000169]]],[[[79.95345251000003,8.953866622000078],[79.95395202000014,8.954400399000122],[79.95401669200015,8.951985295000156],[79.95333421900011,8.952477866000095],[79.95345251000003,8.953866622000078]]],[[[79.95302402300018,8.951581976000057],[79.9531418520001,8.950608548000162],[79.95134539200012,8.949969484000064],[79.95094203600013,8.948217360000058],[79.95087918000007,8.949632438000037],[79.95302402300018,8.951581976000057]]],[[[79.9524925070001,8.949891457999968],[79.95230399200005,8.950157643000068],[79.95234613600013,8.950316089000069],[79.95276095100007,8.950133434000122],[79.9524925070001,8.949891457999968]]],[[[79.94980973400004,8.948705424000082],[79.947813495,8.947153294000088],[79.9480816740001,8.94786581500017],[79.94898187100006,8.948672495000096],[79.94980973400004,8.948705424000082]]],[[[79.94771250700018,8.946984690000022],[79.94787725100014,8.946462573000076],[79.94639455400011,8.946633956000142],[79.94721457700018,8.947100365999972],[79.94771250700018,8.946984690000022]]],[[[79.94582191000018,8.946194635000097],[79.94608512000008,8.946204256999977],[79.94611587000014,8.946020938],[79.94594572200009,8.946189632000142],[79.94582191000018,8.946194635000097]]],[[[79.92882756500012,8.90761672200017],[79.92821411700015,8.90834846600012],[79.92846541400007,8.90921898300013],[79.92918733700003,8.90840896400016],[79.92882756500012,8.90761672200017]]],[[[79.92816460600005,8.90007376200009],[79.92808246700008,8.900233202000152],[79.92817318000004,8.900306282000145],[79.92823735500014,8.900201419000098],[79.92816460600005,8.90007376200009]]],[[[79.88883170000008,8.960852633000172],[79.850490015,9.005057429000033],[79.79304615100006,9.046887146000074],[79.7275204130001,9.074350299000116],[79.68546365900016,9.076130926000133],[79.68506004400007,9.07691035900001],[79.68775852700014,9.080052220000027],[79.68789462600012,9.079816942000093],[79.6865461920001,9.078561293],[79.70170464300014,9.079869185000064],[79.69661141800015,9.09289139200007],[79.69048254600006,9.089310237000177],[79.69184644000006,9.090853382000034],[79.69733111200003,9.094040598000106],[79.6970207120001,9.091852087000177],[79.69868655200008,9.092238248000058],[79.69835908700009,9.092806964000033],[79.69910466600004,9.093825191000178],[79.69932029400013,9.094620435000081],[79.6990741250001,9.09519045900015],[79.69939923800007,9.09558605400008],[79.69737557300004,9.09574525100004],[79.69901738400011,9.097262797000042],[79.69931455600016,9.099133922000021],[79.69603358700004,9.098747872000047],[79.73018037100007,9.109880555000075],[79.79320408500018,9.097791941000082],[79.86296342800011,9.071996003000038],[79.92694135400012,9.010767032],[79.87367441499998,9.035304824000093],[79.8854688200002,9.009979134],[79.9272699440001,8.980114534999984],[79.89640349400008,8.96763682000011],[79.90220525500007,8.966258057000118],[79.90190791600008,8.965852756000118],[79.90087479000005,8.965398157000038],[79.89710128899998,8.96532309200012],[79.89489213700017,8.961831918000144],[79.88327648000018,8.970971084000098],[79.8836502530001,8.968697067000164],[79.88586569000017,8.966543296000054],[79.88512205000012,8.966007863000073],[79.88779949200017,8.964692287000105],[79.88883170000008,8.960852633000172]]],[[[79.92577829600015,8.903523664999966],[79.92566019600014,8.903789755000162],[79.92591168800016,8.903923237000186],[79.92588839200005,8.903538139000148],[79.92577829600015,8.903523664999966]]],[[[79.91883626800006,8.917237490000048],[79.91582384100013,8.921835907000116],[79.92580131800008,8.911459015000048],[79.92489311700018,8.907171355000173],[79.92352831200014,8.908397246000106],[79.92263826800007,8.910214172000167],[79.92245550000018,8.91173479400004],[79.92162003300007,8.913006409000161],[79.91822307700005,8.915968557000099],[79.91859061500008,8.917198488000167],[79.91900949799998,8.916996918],[79.91965776100011,8.916973812000037],[79.91985244100005,8.91747460900001],[79.91966938000007,8.91714207900003],[79.91965628800006,8.917333077000023],[79.91919395000019,8.917036384000085],[79.91883626800006,8.917237490000048]]],[[[79.92553696500016,8.902270582000142],[79.89000125400008,8.957395506000069],[79.90910673200005,8.93462734000019],[79.91108211500017,8.925979169000072],[79.91512300100004,8.921954970000115],[79.91592356700005,8.918750309000075],[79.92170319300004,8.911732778000044],[79.92553696500016,8.902270582000142]]],[[[79.92319829100012,8.953117344000077],[79.92305354900003,8.952706496000019],[79.9225895310002,8.952479302000086],[79.92256034500008,8.95300105800004],[79.92319829100012,8.953117344000077]]],[[[79.92178164300014,8.948399514000187],[79.92195233700005,8.94849995900006],[79.92202412000006,8.948147538000114],[79.92179823800018,8.948169097000061],[79.92178164300014,8.948399514000187]]],[[[79.92179948400008,8.949307642000178],[79.92188711900013,8.949145570000098],[79.92183491800017,8.948964839000155],[79.92162296700013,8.94917675],[79.92179948400008,8.949307642000178]]],[[[79.92028456800017,8.811576343000183],[79.92077042700015,8.812066237000067],[79.92165847400014,8.81166547600003],[79.92140525000019,8.81152588100008],[79.92028456800017,8.811576343000183]]],[[[79.92157663300003,8.948348671000133],[79.92158784300011,8.948251547000098],[79.92149000800009,8.948187083000107],[79.92145974000005,8.948318529000119],[79.92157663300003,8.948348671000133]]],[[[79.92111411400003,8.947969160000127],[79.92099499300008,8.948512108999978],[79.92118297900015,8.948633443000062],[79.92126144600019,8.947930685000017],[79.92111411400003,8.947969160000127]]],[[[79.91825359300009,8.820991656000047],[79.91897257600016,8.821194026000057],[79.92036113000012,8.82024969500003],[79.91867527300013,8.820300697000164],[79.91825359300009,8.820991656000047]]],[[[79.91938250900006,8.831392823000044],[79.91884346100005,8.830002279000098],[79.91960545800009,8.83303440300017],[79.92035331199997,8.831770998000025],[79.91938250900006,8.831392823000044]]],[[[79.91986693700017,8.958911489000172],[79.92035313500008,8.953701933000048],[79.91742710199998,8.957476229000065],[79.91673513400013,8.957737564000126],[79.91986693700017,8.958911489000172]]],[[[79.92028517900013,8.953676451000092],[79.91955001900004,8.953264808000029],[79.91955930900014,8.9544712],[79.91988709600014,8.95428533500018],[79.92028517900013,8.953676451000092]]],[[[79.92027383000016,8.809621245000073],[79.92001378900005,8.809343606000084],[79.91955416900004,8.810184063000122],[79.92023290900005,8.810004328000048],[79.92027383000016,8.809621245000073]]],[[[79.916092064,8.958693179000022],[79.91725850600005,8.961273222999978],[79.91997538100009,8.960447640000154],[79.91999544400005,8.95919519600011],[79.91840087300017,8.958391734000031],[79.91697407300006,8.958923855000137],[79.91637323300012,8.958868601000177],[79.916092064,8.958693179000022]]],[[[79.91813296000015,8.818735348000018],[79.91783782100015,8.820048103000033],[79.91993636600012,8.818243059000054],[79.91869841600004,8.817702337000071],[79.91813296000015,8.818735348000018]]],[[[79.91956317600017,8.950741712000024],[79.91897913100007,8.950726175000057],[79.91905104400007,8.951108664000174],[79.91922628400016,8.95077880700012],[79.91956317600017,8.950741712000024]]],[[[79.91871923200017,8.809492626000178],[79.91807617800004,8.81026771900008],[79.91949589600011,8.809808974000077],[79.91943204000017,8.809557486000017],[79.91871923200017,8.809492626000178]]],[[[79.91870429600016,8.828283098000043],[79.91947128300012,8.827506545],[79.91878272700018,8.826694727000188],[79.91834612700012,8.827317018000088],[79.91870429600016,8.828283098000043]]],[[[79.91898942800015,8.83298742800008],[79.9190419470001,8.832532421000053],[79.91894033400013,8.832227012999965],[79.91866791800015,8.833259853000186],[79.91898942800015,8.83298742800008]]],[[[79.91820167800012,8.82327362000018],[79.91871081700009,8.823333777000073],[79.91804062000011,8.822015319000059],[79.91805706500014,8.823112732000027],[79.91820167800012,8.82327362000018]]],[[[79.91828284600012,8.8282920260001],[79.918197227,8.828516329000081],[79.91850834500019,8.828381003000061],[79.91847807900018,8.828316053000037],[79.91828284600012,8.8282920260001]]],[[[79.91694211999999,8.820572421000065],[79.91798194400008,8.818364875000043],[79.91641891900014,8.818052738000063],[79.91588686600011,8.820870995000064],[79.91694211999999,8.820572421000065]]],[[[79.91778426600007,8.823248290000038],[79.91749750800011,8.821871143000067],[79.91786014200011,8.820802633000085],[79.91733409700004,8.82229310200006],[79.91778426600007,8.823248290000038]]],[[[79.91656610800015,8.958067289000098],[79.91668784400014,8.957480200000134],[79.91769606100013,8.956634696000151],[79.91571779100008,8.958091981000052],[79.91656610800015,8.958067289000098]]],[[[79.91689248500006,8.821829471000171],[79.91732334200009,8.824095231000058],[79.91751223200009,8.823898217000078],[79.91723293600012,8.821911487000023],[79.91689248500006,8.821829471000171]]],[[[79.91740530500005,8.947916211000063],[79.91748061100009,8.947598700000185],[79.91715504800004,8.947684127000059],[79.9173424220001,8.947914700000013],[79.91740530500005,8.947916211000063]]],[[[79.91743457700017,8.81111756900009],[79.91680916800004,8.811385791000077],[79.91620098400017,8.812581821000094],[79.91702534900008,8.812510343000042],[79.91743457700017,8.81111756900009]]],[[[79.91731197100017,8.826644134000162],[79.91743150800016,8.825871383999981],[79.916892728,8.824999491000085],[79.91733664400016,8.828286446000163],[79.91731197100017,8.826644134000162]]],[[[79.916613906,8.958227984000189],[79.91641970600011,8.9585363220001],[79.91611583800005,8.958610172000022],[79.91741174000015,8.958558767999989],[79.91673905800008,8.95810297000014],[79.916613906,8.958227984000189]]],[[[79.91676791400016,8.947564445000125],[79.91606919000009,8.94827560900012],[79.91669821100015,8.948412579000092],[79.91687489800012,8.94795384200006],[79.91676791400016,8.947564445000125]]],[[[79.91617338400016,8.810254776000022],[79.91581587400009,8.81016818300003],[79.91578199900005,8.812475674999973],[79.91662623200017,8.8104838000001],[79.91617338400016,8.810254776000022]]],[[[79.91558736400003,8.972053603000063],[79.91535123400018,8.974040973000172],[79.91570779400018,8.97428635200015],[79.91651348700015,8.971861563000175],[79.91558736400003,8.972053603000063]]],[[[79.91647977400015,8.958207971000036],[79.91628233600011,8.95839255300001],[79.91627413900005,8.95847179000009],[79.91650424400018,8.958366623000188],[79.91647977400015,8.958207971000036]]],[[[79.91436153000018,8.925390728000139],[79.91462504500004,8.924618783000142],[79.91420712800004,8.925120615000083],[79.91384676800004,8.926051598000129],[79.91413579200014,8.925941394000063],[79.91436153000018,8.925390728000139]]],[[[79.91360892100016,8.923486680000167],[79.91353685100006,8.923864172000151],[79.91409949799998,8.923645411000052],[79.91390464000006,8.923452197000074],[79.91360892100016,8.923486680000167]]],[[[79.89429462400005,8.957592992000059],[79.90234308200019,8.961941996000178],[79.90785400700008,8.958367340000166],[79.90156041400007,8.94664094500007],[79.89429462400005,8.957592992000059]]],[[[79.89123331600007,8.956598596],[79.89086957900008,8.956897310000045],[79.89085083800018,8.957904763000158],[79.89221733000011,8.957512155000188],[79.89123331600007,8.956598596]]],[[[79.69791696100009,9.094081793999976],[79.69887778000009,9.09490659700009],[79.69918335200015,9.094761002000041],[79.69769792900007,9.092687390000094],[79.69791696100009,9.094081793999976]]],[[[79.69865126200017,9.098200162000012],[79.69836429200006,9.09843897400009],[79.69913928900013,9.099040321000189],[79.69885133100013,9.098219070000027],[79.69865126200017,9.098200162000012]]],[[[79.69769759900004,9.09446368500005],[79.69761925600005,9.09494649100003],[79.69811975699997,9.095004619000065],[79.69811047000019,9.094624691000035],[79.69769759900004,9.09446368500005]]],[[[79.69799220100009,9.098102797000081],[79.69772655400004,9.098061347],[79.69788535100014,9.098366434000127],[79.69803214700005,9.098226195000166],[79.69799220100009,9.098102797000081]]],[[[79.69633490900009,9.095004313],[79.69619484300006,9.095485543000052],[79.69711444600006,9.096961985000178],[79.6970864430001,9.09792095],[79.69767360600014,9.097742117000053],[79.6963909530001,9.095656098000063],[79.69633490900009,9.095004313]]],[[[79.69753048000018,9.094058465000103],[79.69753535800004,9.094239963],[79.69760722800015,9.094254532000093],[79.69758110200013,9.094072492000123],[79.69753048000018,9.094058465000103]]],[[[79.69669438000011,9.089495614000157],[79.69599404900015,9.090361308000183],[79.69650203700007,9.090941589000124],[79.69709976600006,9.090255755000044],[79.69669438000011,9.089495614000157]]],[[[79.69610054500009,9.08629966],[79.69574806800011,9.08633122800012],[79.69567440700018,9.086881988000073],[79.69579058800008,9.086411237000107],[79.69610054500009,9.08629966]]],[[[79.69549373600006,9.0879140670001],[79.69523586800005,9.088651597000023],[79.69559191400003,9.089721725000118],[79.69593359800001,9.088557306000098],[79.69549373600006,9.0879140670001]]],[[[79.69585902800009,9.087649966000185],[79.69545034700013,9.087541587000032],[79.695171388,9.088065774000142],[79.69562217600003,9.08763284600019],[79.69585902800009,9.087649966000185]]],[[[79.69485319300009,9.079488701],[79.69465914900019,9.0798064600001],[79.69518473000005,9.080001938000123],[79.69529645600005,9.079675827000074],[79.69485319300009,9.079488701]]]]}},{"type":"Feature","id":"vavuniya","properties":{"district_id":"vavuniya","name":"Vavuniya","pcode":"LK43","province":"Northern"},"geometry":{"type":"Polygon","coordinates":[[[80.74504766000013,8.903171145000158],[80.71353846000005,8.899494786000162],[80.66471410100019,8.871100958000056],[80.5962634490001,8.869890093000151],[80.59177627700006,8.847398855000108],[80.62566685600012,8.838226913000085],[80.65172005199997,8.80040838400015],[80.64956556800007,8.78915876700006],[80.63414616100016,8.781078716000025],[80.61687254000009,8.75191364400007],[80.60189038000016,8.745701596000174],[80.59002117700015,8.723646663000125],[80.57152682700007,8.717560687000173],[80.56872865800011,8.700097057000107],[80.55384027300005,8.696737093000081],[80.52006714800012,8.65893004200018],[80.5060302190002,8.658134647000168],[80.4501130270001,8.693231411999989],[80.42434330000015,8.673962001],[80.39923635200006,8.633951342000046],[80.37992163200016,8.621147513000153],[80.37883546100005,8.58052473000015],[80.35269380400007,8.572379046000094],[80.33720625500018,8.545795893],[80.28780752000006,8.55934142000018],[80.27443151300008,8.610013528000025],[80.24978089200016,8.615155358000038],[80.23596513500007,8.629246533000071],[80.23360478500018,8.683778481000104],[80.19416773500012,8.732982138000068],[80.16875973200007,8.750693648000038],[80.18097433300005,8.773318352000103],[80.19914130400014,8.765427848000058],[80.22825707300018,8.826939611],[80.29723635800019,8.819953751000014],[80.38688549699998,8.84676824200011],[80.4006561000001,8.860128268000096],[80.3765877410001,8.941754970000034],[80.33996868800006,8.959025489000169],[80.39646113700002,8.995412117000058],[80.4345676150001,9.031395664000115],[80.42729622900015,9.044993078000175],[80.4259269420001,9.090882891000092],[80.40503177000016,9.090691005],[80.40506692400004,9.115576266000119],[80.49506904200018,9.11383674900003],[80.51517311700013,9.07524674400014],[80.53086539700018,9.076700758000186],[80.56104347799999,9.107586045000119],[80.5852736170001,9.112117235000028],[80.58199734700008,9.126144509000142],[80.64744690800012,9.115517738999984],[80.65162386700013,9.07788806000002],[80.66496319800007,9.074163206000037],[80.68271185300017,9.083819784000184],[80.69240372100006,9.074129281000126],[80.68748345900013,9.050041820000104],[80.67679415900011,9.041816972000106],[80.67818728800017,9.029755799000043],[80.71745876500012,9.050458908000167],[80.74337358999998,9.035793889000104],[80.72536533800019,9.023746523000057],[80.73098113400016,9.011626561000128],[80.70320758700012,8.984274638000045],[80.7122006350001,8.946028829000056],[80.73857938600014,8.929696737000029],[80.74504766000013,8.903171145000158]]]}},{"type":"Feature","id":"mullaitivu","properties":{"district_id":"mullaitivu","name":"Mullaitivu","pcode":"LK44","province":"Northern"},"geometry":{"type":"Polygon","coordinates":[[[80.9672357990001,8.98668741199998],[80.907338417,8.986521110000126],[80.90005662700008,8.978959930000144],[80.88967044200001,8.980940836000059],[80.86554282600014,8.958597263000115],[80.83327317600003,8.960585835000131],[80.77556403900007,8.947240957000133],[80.76177009700007,8.936118878000173],[80.75510963400006,8.905833133000101],[80.74504776100008,8.903170559000102],[80.73857938600014,8.929696737000029],[80.7122006350001,8.946028829000056],[80.70320758700012,8.984274638000045],[80.73098113400016,9.011626561000128],[80.72536533800019,9.023746523000057],[80.74337358999998,9.035793889000104],[80.71745876500012,9.050458908000167],[80.6785422320001,9.029521639000052],[80.69083330400008,9.076801627000123],[80.68271185300017,9.083819784000184],[80.66496319800007,9.074163206000037],[80.65162386700013,9.07788806000002],[80.64149396300007,9.118772454000066],[80.58199734700008,9.126144509000142],[80.5852736170001,9.112117235000028],[80.56104347799999,9.107586045000119],[80.53086539700018,9.076700758000186],[80.51517311700013,9.07524674400014],[80.49506904200018,9.11383674900003],[80.40506692400004,9.115576266000119],[80.40503177000016,9.090691005],[80.4259269420001,9.090882891000092],[80.42729622900015,9.044993078000175],[80.4345676150001,9.031395664000115],[80.38467491800014,8.98665763400004],[80.33996868800006,8.959025489000169],[80.17455860899997,8.95027277700018],[80.1777371300002,8.97266748100003],[80.190047656,8.979410946000144],[80.17615503700011,8.996630861000028],[80.19486067900004,9.045849587000077],[80.2198876550001,9.0553940100001],[80.21607093600005,9.09725471300004],[80.22573605700012,9.113158777000024],[80.21707305200005,9.143152866000094],[80.19544787400008,9.176024508000125],[80.19174169100012,9.237236866000103],[80.21796636000005,9.232589342000153],[80.21404764500005,9.271353087000023],[80.24169241400011,9.30025636300013],[80.31322800900006,9.309838902000138],[80.32358633500019,9.307723352000039],[80.32305486100012,9.300204267000083],[80.40686564700007,9.30515815299998],[80.40817754200003,9.339821651000136],[80.51339675400015,9.345060821],[80.53201733999998,9.405139248000069],[80.55851372100005,9.376453010000148],[80.58534495300017,9.362687555000093],[80.58551041400005,9.408662658000083],[80.60512503400014,9.420144408000112],[80.6228066440001,9.458827198999984],[80.80977715400019,9.29348695900012],[80.84382782000006,9.231354077],[80.87770563700013,9.135794143999988],[80.9672357990001,8.98668741199998]]]}},{"type":"Feature","id":"kilinochchi","properties":{"district_id":"kilinochchi","name":"Kilinochchi","pcode":"LK45","province":"Northern"},"geometry":{"type":"MultiPolygon","coordinates":[[[[80.61720809300004,9.452038201000164],[80.60512503400014,9.420144408000112],[80.58551041400005,9.408662658000083],[80.58534495300017,9.362687555000093],[80.55851372100005,9.376453010000148],[80.53201733999998,9.405139248000069],[80.51339675400015,9.345060821],[80.40817754200003,9.339821651000136],[80.40686564700007,9.30515815299998],[80.32305486100012,9.300204267000083],[80.32358633500019,9.307723352000039],[80.31322800900006,9.309838902000138],[80.24169241400011,9.30025636300013],[80.21404764500005,9.271353087000023],[80.21796636000005,9.232589342000153],[80.19174830600019,9.237248377000071],[80.14898492800012,9.211084846000062],[80.11872462000014,9.211745211000107],[80.12066924300018,9.260247889000084],[80.10999865000002,9.275245130000087],[80.12203846600005,9.299849889000086],[80.08610737800018,9.328722391000156],[80.06327646700004,9.33102070200016],[80.05368276400003,9.390626208000072],[80.14721077100012,9.43755542000008],[80.18233259300018,9.47302621600005],[80.18575396300008,9.486571789000038],[80.13353298000004,9.546922737000159],[80.05184016100003,9.598860714000068],[80.06143430900005,9.611542347000125],[80.06427078800016,9.600629688000026],[80.10007708800015,9.585148908000122],[80.10296896300008,9.589847341000109],[80.11061611700006,9.585063485000035],[80.11419598400005,9.574481835000086],[80.1271884320002,9.577359447000163],[80.13921981300012,9.560633933000076],[80.16996932000012,9.543588146],[80.19363944399998,9.542556541000181],[80.1954524300001,9.545746636000104],[80.19652728000005,9.552645255000073],[80.19631729800005,9.537499707000109],[80.21977247100017,9.5281102080001],[80.22026323000017,9.536506141000132],[80.23219975500007,9.533730099000138],[80.24557271800018,9.517472525000073],[80.26007367600005,9.509185193],[80.25986691200018,9.511808244000065],[80.2550646630001,9.513401773000055],[80.26442782400005,9.513604211000086],[80.28447690500008,9.49585684699997],[80.24816361000012,9.50630572600005],[80.25040737600017,9.493785193000178],[80.25845090000007,9.48672556400004],[80.27795915900009,9.476181150000116],[80.25052227600008,9.474166242000024],[80.2568477160001,9.464469741000073],[80.28565843600006,9.454422530000159],[80.31200210400016,9.462639556000056],[80.33659352500013,9.45536836499997],[80.33763021800019,9.469024482000066],[80.33832947300004,9.468671069000038],[80.338458123,9.468249556000046],[80.3412629990001,9.470431646000122],[80.34631372600012,9.468026029000157],[80.34018777600005,9.473657038],[80.33730236700018,9.469046090000063],[80.33795199700006,9.471463208000046],[80.33987406400001,9.473837782000032],[80.34073579200009,9.473653974000115],[80.34372340400006,9.472406352000121],[80.34670511500008,9.468212381000114],[80.35043633700008,9.466485058000103],[80.34901154800008,9.462384950000114],[80.39232613400014,9.482934307000164],[80.39667859500008,9.504241465000064],[80.39306495800014,9.51408062000013],[80.38642469100006,9.517907031000107],[80.38257730500004,9.51533180600012],[80.35717864200006,9.548932172000036],[80.34134595400013,9.562898863000044],[80.3085965360001,9.584878059000175],[80.25752317300015,9.613240179000115],[80.27729082200011,9.650618159000146],[80.28935763600003,9.656557885000097],[80.29943858800016,9.684905502000163],[80.3563526740001,9.635722249000082],[80.44204906900006,9.577388440000163],[80.4389608780001,9.557664450000118],[80.45110876600017,9.522804519000147],[80.4947376950002,9.509977727000035],[80.55061828200019,9.472106064000116],[80.61720809300004,9.452038201000164]]],[[[80.38788448300005,9.483606944000087],[80.38814016600014,9.483623042000033],[80.38901693600008,9.483518303000153],[80.38730668100004,9.483525037000163],[80.38788448300005,9.483606944000087]]],[[[80.38443554400004,9.48233491800005],[80.38535807500011,9.481895075000125],[80.3869543300001,9.48202969199997],[80.38511875900019,9.481485999000029],[80.38443554400004,9.48233491800005]]],[[[80.38676398700005,9.483484479000026],[80.38630888900008,9.482918097000038],[80.3832690110001,9.48313302300005],[80.3849955230001,9.48319689800013],[80.38676398700005,9.483484479000026]]],[[[80.38361017300008,9.482019312000034],[80.38298514900004,9.480978780999976],[80.38244213000013,9.481284627999969],[80.3827175890001,9.482062176],[80.38361017300008,9.482019312000034]]],[[[80.381235059,9.484019055000033],[80.38241452300008,9.484047371000031],[80.38357176400018,9.48240594400005],[80.38116138800007,9.481635973000039],[80.381235059,9.484019055000033]]],[[[80.378894807,9.479980512000111],[80.37964909400017,9.480178358000103],[80.38005086600003,9.479444379000029],[80.3795874560002,9.479273074000162],[80.378894807,9.479980512000111]]],[[[80.37860147200018,9.48352746800009],[80.37816744300005,9.483246499000018],[80.37885289500008,9.483823793],[80.37989925900018,9.483863658000018],[80.37905323700016,9.483756964000065],[80.37860147200018,9.48352746800009]]],[[[80.3790654390001,9.482909260000099],[80.37885580900019,9.482288427000185],[80.37789990000005,9.48279094600008],[80.37855406100005,9.482628620000185],[80.3790654390001,9.482909260000099]]],[[[80.37820740600006,9.480738930000143],[80.37870196300003,9.479786256000182],[80.37777014300002,9.47855729700018],[80.37724958900014,9.479108440000061],[80.37820740600006,9.480738930000143]]],[[[80.37718986700014,9.479049184000132],[80.37763252000013,9.47854220400012],[80.37713079300005,9.478683382000042],[80.37590433900004,9.477951821000033],[80.37530153800014,9.476961167000127],[80.37559588300007,9.477788273000158],[80.37718986700014,9.479049184000132]]],[[[80.37723060600007,9.478606676000084],[80.37758081100003,9.47786904200018],[80.37700193800015,9.477590131000113],[80.37667025700017,9.477821334000112],[80.37723060600007,9.478606676000084]]],[[[80.37744836700006,9.48146236600013],[80.37730486400017,9.479619593000166],[80.37480510000012,9.478202941000177],[80.37527633500014,9.48009896900004],[80.37744836700006,9.48146236600013]]],[[[80.37670666400004,9.477644343000122],[80.37641342400013,9.476913284000148],[80.37594616900009,9.477054402000078],[80.37607063600018,9.477323338000133],[80.37670666400004,9.477644343000122]]],[[[80.37237296900003,9.477273189000186],[80.3732030860001,9.480625251000049],[80.37548567800013,9.481364830000075],[80.37344677100009,9.48045363700004],[80.37237296900003,9.477273189000186]]],[[[80.37413692000007,9.47690792800006],[80.37021030700015,9.474623688000065],[80.37143037400011,9.476014259000124],[80.37334787600014,9.477192212000148],[80.37413692000007,9.47690792800006]]],[[[80.36924874900018,9.474264327000071],[80.36967198000013,9.474331963000168],[80.36911796500004,9.473585875000083],[80.36899415900007,9.473975850000102],[80.36924874900018,9.474264327000071]]],[[[80.36913311700005,9.474239682000075],[80.36802362300006,9.473137703000134],[80.36776914200004,9.473184371000059],[80.3686927350002,9.474064799000075],[80.36913311700005,9.474239682000075]]],[[[80.36826348300019,9.473187340000038],[80.36845955800015,9.473460434000117],[80.36886601600003,9.473354077000067],[80.36866977600016,9.473252850000165],[80.36826348300019,9.473187340000038]]],[[[80.36227424900005,9.470480303000159],[80.36769724000015,9.472451159000173],[80.36463857500013,9.470614655000077],[80.36138434000009,9.469898249000153],[80.3614589620002,9.470354919000101],[80.36227424900005,9.470480303000159]]],[[[80.36045583000015,9.46990818900008],[80.36093414000015,9.46974128000005],[80.36124036300015,9.46930823800011],[80.3598894270001,9.469376814999976],[80.36045583000015,9.46990818900008]]],[[[80.35989751700009,9.46931478900018],[80.36036114600017,9.468777266000018],[80.35990628200017,9.46823455200007],[80.3591647950002,9.469077032000143],[80.35989751700009,9.46931478900018]]],[[[80.35812545500016,9.542733826000017],[80.35848810800007,9.543598928],[80.35993313400007,9.542616034000048],[80.35907735000018,9.542169262000016],[80.35812545500016,9.542733826000017]]],[[[80.35238840500011,9.549762672000043],[80.35851354600004,9.54495094300006],[80.35877651600015,9.544286735000185],[80.35044055800017,9.549677930000087],[80.35238840500011,9.549762672000043]]],[[[80.35173978300008,9.466771762000178],[80.35207943400007,9.466222825000159],[80.35190390100018,9.46559567300011],[80.3514164560001,9.466438604000132],[80.35173978300008,9.466771762000178]]],[[[80.35178744800004,9.467226216000142],[80.3517181790001,9.467316344000096],[80.35186272300018,9.46736998900002],[80.35189283500017,9.467239299000028],[80.35178744800004,9.467226216000142]]],[[[80.35087074000006,9.467308211000045],[80.35126706300008,9.467496923000056],[80.35157090700017,9.46723013899998],[80.35128722200005,9.467069413000047],[80.35087074000006,9.467308211000045]]],[[[80.3507367630001,9.466576881000151],[80.35087637000015,9.466839950000121],[80.35111182700018,9.466790931000105],[80.35089326800016,9.466538381000134],[80.3507367630001,9.466576881000151]]],[[[80.35063797300006,9.467079280000064],[80.35056959200017,9.467211090000092],[80.35064315400007,9.467296470000065],[80.35070396700019,9.467157986000188],[80.35063797300006,9.467079280000064]]],[[[80.35047986900014,9.466804244],[80.35065351400004,9.466816758000164],[80.35054995200016,9.466578137000056],[80.35041048600016,9.466646207],[80.35047986900014,9.466804244]]],[[[80.3501145100002,9.467053264000015],[80.35014372700005,9.466770616000076],[80.3497679240001,9.467122755],[80.34988563300016,9.46718791800015],[80.3501145100002,9.467053264000015]]],[[[80.3496881160001,9.54983133100012],[80.34953504400005,9.549999647000163],[80.34967313500016,9.550115425000172],[80.3498548230001,9.549897569000052],[80.3496881160001,9.54983133100012]]],[[[80.34893754100005,9.550521247000177],[80.34778135300013,9.551447117],[80.34777687000002,9.551578539000047],[80.34820590300012,9.551519380000059],[80.34893754100005,9.550521247000177]]],[[[80.33848340600008,9.46866626100018],[80.3376021000002,9.469165690000182],[80.33763184000014,9.46933291800002],[80.33774468400009,9.469370953],[80.33848340600008,9.46866626100018]]],[[[80.336173573,9.463438655000175],[80.33638990900016,9.463473555000064],[80.33651045699997,9.46292107000005],[80.33620285500012,9.463042931000132],[80.336173573,9.463438655000175]]],[[[80.3360596060001,9.458810008000114],[80.33608485200006,9.458722604000172],[80.33595662200008,9.458583831000112],[80.33595053200014,9.458645852000188],[80.3360596060001,9.458810008000114]]],[[[80.33582181400016,9.458821553000064],[80.33587109700005,9.459096578000185],[80.3360243250001,9.459054633000164],[80.33596357400012,9.458917757000052],[80.33582181400016,9.458821553000064]]],[[[80.33573707900013,9.463083940000047],[80.33568081100009,9.463361182000085],[80.335863416,9.463422803000128],[80.33589826700018,9.463157198999966],[80.33573707900013,9.463083940000047]]],[[[80.33568852000013,9.46367159800019],[80.3357410910001,9.463795356000105],[80.33578214300013,9.46381141],[80.3357235630001,9.463542885000095],[80.33568852000013,9.46367159800019]]],[[[80.33567696100016,9.462950228000182],[80.33574134300011,9.462809706000087],[80.33563595200019,9.462685522000129],[80.33558335700019,9.46286692300015],[80.33567696100016,9.462950228000182]]],[[[80.335411347,9.4632829950001],[80.33531193100015,9.463401770000075],[80.33539809100017,9.46353795500005],[80.33546705300017,9.463376647000189],[80.335411347,9.4632829950001]]],[[[80.33512624800011,9.462754684000174],[80.33514910800005,9.462823160000141],[80.335246085,9.462904207000179],[80.33520362300004,9.462779464999983],[80.33512624800011,9.462754684000174]]],[[[80.33494141000011,9.463087552000161],[80.33492472000017,9.463178494000033],[80.33499774200016,9.46326104700006],[80.33508769100007,9.46313936700011],[80.33494141000011,9.463087552000161]]],[[[80.33458856800007,9.463050219000024],[80.33457616300018,9.46313537800006],[80.3346665420001,9.463177445000042],[80.33461262200007,9.463040304000174],[80.33458856800007,9.463050219000024]]],[[[80.32819513700014,9.465077893000114],[80.33366633700007,9.464176666000071],[80.33210659900016,9.463115902000027],[80.32950016800004,9.46329985500006],[80.32819513700014,9.465077893000114]]],[[[80.32705861700009,9.46534380800017],[80.32773736600018,9.464982552000095],[80.32726657700005,9.463969449000047],[80.3266690320001,9.464636061000135],[80.32705861700009,9.46534380800017]]],[[[80.32511069100019,9.465314639000155],[80.32664117500019,9.465260361000105],[80.32663395400004,9.464720104000094],[80.32650808800008,9.465147622000075],[80.32511069100019,9.465314639000155]]],[[[80.30385062300007,9.484521988000154],[80.32503512500017,9.465368792000106],[80.3081985610001,9.477126312],[80.3119556470001,9.468221982000102],[80.3040067030002,9.482135352000057],[80.30352094700015,9.483382552000023],[80.30358845900008,9.483962492000046],[80.30385062300007,9.484521988000154]],[[80.30785358600008,9.476921146000109],[80.30810678300014,9.477311907000171],[80.30647195900008,9.478983808000066],[80.30692475900008,9.477985025000066],[80.30785358600008,9.476921146000109]]],[[[80.31935966300006,9.462647026000127],[80.31145049300005,9.463805487000172],[80.31369931200004,9.465594571000054],[80.31720292200004,9.466134347000093],[80.31935966300006,9.462647026000127]]],[[[80.31297994100015,9.468127492000065],[80.31842027900012,9.467208562999986],[80.31773333700016,9.466663712000127],[80.31466026700008,9.467100839000125],[80.31297994100015,9.468127492000065]]],[[[80.31819295600008,9.469904708000058],[80.31823556800003,9.469567233000134],[80.31735652400016,9.46986952900005],[80.31762215300017,9.470025124000074],[80.31819295600008,9.469904708000058]]],[[[80.31136487200018,9.467549127000098],[80.31087836600005,9.467289344],[80.310519092,9.467496829000027],[80.31138043500016,9.468100062000133],[80.31136487200018,9.467549127000098]]],[[[80.31084739600016,9.474070549000032],[80.31121401200011,9.473620573000119],[80.31107486000019,9.473414869000123],[80.31075828200011,9.473562463000121],[80.31084739600016,9.474070549000032]]],[[[80.30906273200014,9.464849453],[80.31059073700015,9.464128046000098],[80.30617229600006,9.463851184000134],[80.30895054000007,9.464237989000083],[80.30906273200014,9.464849453]]],[[[80.30847171500017,9.466387758000053],[80.30913010200004,9.466416754000136],[80.30576183300013,9.464804362000109],[80.306206148,9.465615280000065],[80.30847171500017,9.466387758000053]]],[[[80.30596960200018,9.584745360999989],[80.30608618800005,9.58392725200008],[80.30436795800017,9.584655094000084],[80.30465450900016,9.584890071000075],[80.30596960200018,9.584745360999989]]],[[[80.30518101900003,9.465057568000077],[80.30419892400005,9.465600111000128],[80.30459477000011,9.466357802000061],[80.30565763100003,9.465488684999968],[80.30518101900003,9.465057568000077]]],[[[80.305142327,9.46350829700009],[80.30533690900012,9.463596172000166],[80.30468090100004,9.463094016000184],[80.30427339600016,9.463142838000124],[80.30432518400016,9.463364613000067],[80.305142327,9.46350829700009]]],[[[80.30364358300017,9.482439192000129],[80.30419389400015,9.481372111000042],[80.30411008000016,9.480911375000119],[80.30305372000015,9.48153808799998],[80.30364358300017,9.482439192000129]]],[[[80.30343993000014,9.584886890000064],[80.30352384800011,9.585323411000047],[80.30394100600017,9.585026046000053],[80.3038778500001,9.584923680000088],[80.30343993000014,9.584886890000064]]],[[[80.2995235750002,9.469024881000166],[80.30312331900012,9.46806300100019],[80.30389548100004,9.465668241000117],[80.29728278700003,9.467987275000098],[80.2995235750002,9.469024881000166]]],[[[80.30293908500016,9.461996717999966],[80.30272591,9.461786480000171],[80.30236689400016,9.461806431000127],[80.30251164200007,9.461975797000093],[80.30293908500016,9.461996717999966]]],[[[80.30012016200004,9.462339573000179],[80.2997730140001,9.462404113000048],[80.30228434100019,9.462305788000151],[80.30105937500008,9.461850690000176],[80.30012016200004,9.462339573000179]]],[[[80.30115797600013,9.585786556000073],[80.3010117030002,9.586076285],[80.30182844600017,9.585662453000054],[80.30149827100013,9.585512036000125],[80.30115797600013,9.585786556000073]]],[[[80.30104022100005,9.58483272900014],[80.30079197900017,9.584699249000096],[80.29940002500007,9.585728405000168],[80.300523076,9.585722314000122],[80.30104022100005,9.58483272900014]]],[[[80.30064262900004,9.58609434300007],[80.29836824500018,9.586026526000069],[80.29734023000009,9.58700868600016],[80.30084723300007,9.587102955000034],[80.30064262900004,9.58609434300007]]],[[[80.30016002999997,9.463811718000045],[80.30072163000011,9.46349131400018],[80.30066088600006,9.463359765000064],[80.2999951430001,9.463319712000043],[80.30016002999997,9.463811718000045]]],[[[80.2998878030001,9.464424833000066],[80.30010918200003,9.465027677000023],[80.30059780000016,9.464735929000028],[80.30037248800016,9.464543395000078],[80.2998878030001,9.464424833000066]]],[[[80.29968359300011,9.465378192000173],[80.29998718700017,9.465993986000115],[80.30014317800004,9.466000886000188],[80.30022397100004,9.465195195000035],[80.29968359300011,9.465378192000173]]],[[[80.2999368030001,9.462897563000183],[80.29923662700008,9.462600677000125],[80.29839009900019,9.462836329000083],[80.2986895790001,9.463264686000059],[80.2999368030001,9.462897563000183]]],[[[80.29930746500008,9.464925593000089],[80.29697089600006,9.46494501900014],[80.29703790200011,9.466539263000016],[80.29927493300005,9.466924863000145],[80.29930746500008,9.464925593000089]]],[[[80.2973433030001,9.462683729000048],[80.29789160000007,9.462303907000091],[80.29764542400011,9.462253210000085],[80.29731424100015,9.462362887000154],[80.29724665800018,9.462568222000186],[80.2973433030001,9.462683729000048]]],[[[80.29511134900014,9.461615109000093],[80.29490533100017,9.46051697500019],[80.29755598500009,9.459556742000075],[80.294734135,9.460312850000093],[80.29511134900014,9.461615109000093]]],[[[80.29652226299999,9.463256942000157],[80.29572983700018,9.462565249000022],[80.29726099200013,9.464584828000056],[80.29727350400009,9.464293429],[80.29652226299999,9.463256942000157]]],[[[80.29686303100016,9.467605682000055],[80.29663011100007,9.467777249000164],[80.29667434400005,9.46812677400004],[80.29721503400003,9.467590881000035],[80.29686303100016,9.467605682000055]]],[[[80.29697134700001,9.46731721700013],[80.29650383200016,9.467029232000186],[80.29621510200008,9.4671262170001],[80.29634953600004,9.467376948000151],[80.29697134700001,9.46731721700013]]],[[[80.2962421920002,9.467555105000088],[80.29604375200012,9.467949507000185],[80.29627997900019,9.468217375000165],[80.29653111800013,9.467647997000142],[80.2962421920002,9.467555105000088]]],[[[80.29461119200005,9.46725992000006],[80.29378473200006,9.467788182000106],[80.2952030290001,9.468913022000095],[80.29507914400006,9.467296638000107],[80.29461119200005,9.46725992000006]]],[[[80.2900719490001,9.472190919000127],[80.29377071300007,9.468307521000156],[80.2935652340002,9.468262301000152],[80.2932378160001,9.468409593000047],[80.2923881110001,9.469082306000018],[80.29033810400017,9.469301360000031],[80.28946449,9.470002878000173],[80.2900719490001,9.472190919000127]]],[[[80.29294299900016,9.460202614000025],[80.29280673500006,9.4602874200001],[80.29329893600004,9.460298673000068],[80.2930928830001,9.460210868],[80.29294299900016,9.460202614000025]]],[[[80.29311482900016,9.461845739000182],[80.29123235000009,9.461405254000056],[80.28952619500006,9.45959563000008],[80.29024185400004,9.461049900000148],[80.28709317200008,9.467909582000175],[80.29329765800009,9.46657419799999],[80.29311482900016,9.461845739000182]]],[[[80.29197736100019,9.460175698000114],[80.29159577300004,9.459992438000029],[80.29071557900005,9.459690494000142],[80.29152246600012,9.460902932000067],[80.29197736100019,9.460175698000114]]],[[[80.28984838700006,9.467576783000084],[80.29016706500016,9.467686719000142],[80.29034825400015,9.467389948000175],[80.29013794200011,9.467348428000093],[80.28984838700006,9.467576783000084]]],[[[80.28941531400005,9.45924329900015],[80.28961560300019,9.459155330000044],[80.28886587200003,9.458426881000094],[80.28886636900017,9.459175629000072],[80.28941531400005,9.45924329900015]]],[[[80.28808956600011,9.462798036000038],[80.28867274800007,9.462744324000028],[80.28888644600016,9.45992214600011],[80.287744708,9.461237132000178],[80.28808956600011,9.462798036000038]]],[[[80.28811586000018,9.4599063390001],[80.28528055600003,9.46178967600008],[80.28524979100007,9.46248467300012],[80.28549150600008,9.461826500000086],[80.28811586000018,9.4599063390001]]],[[[80.28751781100016,9.462885399000072],[80.28730293000007,9.463309068],[80.28751244600016,9.463589655000078],[80.28770410100009,9.46290961900013],[80.28751781100016,9.462885399000072]]],[[[80.28721938700016,9.46410851500002],[80.28746185000006,9.464209215000153],[80.28753581500007,9.463743848000092],[80.28721318700019,9.463983911000184],[80.28721938700016,9.46410851500002]]],[[[80.28690408800009,9.468055254000149],[80.28643659600016,9.466985957000077],[80.2862192090002,9.466860968000105],[80.28643829800012,9.467971510000154],[80.28690408800009,9.468055254000149]]],[[[80.2828593700001,9.4742374060001],[80.28006958700013,9.474821730000087],[80.28677867500011,9.475406564000025],[80.28635879500018,9.475115194000068],[80.2828593700001,9.4742374060001]]],[[[80.2866120920001,9.46401725200019],[80.28635617000003,9.464288961000022],[80.28644044800012,9.464647223000156],[80.28673911400011,9.464480909000088],[80.2866120920001,9.46401725200019]]],[[[80.28613625200018,9.49583918900015],[80.27887163700012,9.489577321000183],[80.2653532280001,9.49544656500018],[80.28110301900017,9.491828976000079],[80.28300250100011,9.494113789000039],[80.28613625200018,9.49583918900015]]],[[[80.28512577100014,9.466072989],[80.28487036600006,9.462576008000099],[80.28392196200008,9.463427046],[80.28480416300016,9.464178021000066],[80.28382933000006,9.464719434000187],[80.28512577100014,9.466072989]]],[[[80.28232705400012,9.477689336000026],[80.2829967940001,9.476539444000139],[80.28095606300008,9.47781624900017],[80.28166577100018,9.477889585000185],[80.28232705400012,9.477689336000026]]],[[[80.28282648700014,9.459539366000058],[80.28229249600008,9.459138698000118],[80.28085562100011,9.459537950000083],[80.28200187600004,9.459221926000055],[80.28282648700014,9.459539366000058]]],[[[80.28057655700013,9.460645442999976],[80.28030774100012,9.460381858000119],[80.28001917900019,9.460552523000104],[80.28014532500015,9.460792849000086],[80.28057655700013,9.460645442999976]]],[[[80.27961118700017,9.46246626300018],[80.2787254590001,9.461962381000092],[80.27811573700006,9.46204452],[80.27827063800004,9.464328503000104],[80.279348432,9.466039822000027],[80.27859948800005,9.464389730000107],[80.28040278600002,9.46339244100011],[80.27961118700017,9.46246626300018]],[[80.2788459190001,9.463183638000146],[80.27826702099998,9.463169527000105],[80.27834792100009,9.462069713000062],[80.27958308500018,9.462694346000148],[80.2788459190001,9.463183638000146]]],[[[80.2783133850001,9.47779108100002],[80.27840341100011,9.477441293000027],[80.27785557000016,9.477979223000148],[80.27809791300001,9.478041592000068],[80.2783133850001,9.47779108100002]]],[[[80.27721345800012,9.492970313000058],[80.277294767,9.49323788200013],[80.27731661500007,9.493244423000021],[80.27733973700003,9.492999516000111],[80.27721345800012,9.492970313000058]]],[[[80.2772873040002,9.473606284000084],[80.276473614,9.47289679700009],[80.27590401900005,9.473807302000182],[80.27602849100003,9.47394771800009],[80.2772873040002,9.473606284000084]]],[[[80.27452068200006,9.466375102000029],[80.27613850900008,9.46562269400016],[80.2764058300001,9.465408515000092],[80.27442644300004,9.466301367000085],[80.27452068200006,9.466375102000029]]],[[[80.27565890200009,9.467352148000089],[80.27637376900003,9.466294739000034],[80.27620550700016,9.465956610000035],[80.27549491500014,9.466954349000105],[80.27565890200009,9.467352148000089]]],[[[80.27385277500014,9.468705739000086],[80.27548217400005,9.47009832499998],[80.27574411400008,9.469955025000047],[80.27564462700008,9.469667265000055],[80.27385277500014,9.468705739000086]]],[[[80.27484765600013,9.467355241000064],[80.27417281800007,9.467494515000055],[80.27497171200008,9.468537535000166],[80.27521299900008,9.467625205],[80.27484765600013,9.467355241000064]]],[[[80.2740011050002,9.470101906000025],[80.2732357210001,9.46987594300009],[80.27225057600003,9.471160897000175],[80.27476462700008,9.470733295000116],[80.2740011050002,9.470101906000025]]],[[[80.27317775500006,9.467839571000184],[80.27280868500009,9.467942932000085],[80.27318059800007,9.468328099000075],[80.27323241200008,9.469583980000152],[80.27388114300004,9.469051085000046],[80.27317775500006,9.467839571000184]]],[[[80.27298454900006,9.468499431000055],[80.27296259300005,9.468254639000065],[80.27278338700012,9.468117219000021],[80.27282744500008,9.468381030000103],[80.27298454900006,9.468499431000055]]],[[[80.26939807100018,9.469866356000068],[80.27203625500016,9.467993724000053],[80.26579700000019,9.469378315000085],[80.26933803700018,9.46912230800018],[80.26939807100018,9.469866356000068]]],[[[80.27151993000012,9.46634449200019],[80.26936382600007,9.466260737000084],[80.26849525300008,9.466793849000169],[80.27141919300004,9.466542724000078],[80.27151993000012,9.46634449200019]]],[[[80.26679798000004,9.486730556999987],[80.26712000400005,9.486800466000034],[80.26792479700015,9.486013376000074],[80.26694256300004,9.485646667000026],[80.26679798000004,9.486730556999987]]],[[[80.26665079400016,9.484638271999984],[80.26781225000013,9.48395712600012],[80.2661728720002,9.483320923000178],[80.26617071100014,9.483735300000092],[80.26665079400016,9.484638271999984]]],[[[80.26599650600019,9.484463990000165],[80.26616654400004,9.483906815000125],[80.26563806600018,9.48346164700007],[80.26553065799999,9.48422443000004],[80.26599650600019,9.484463990000165]]],[[[80.26412494700014,9.465267953000023],[80.25937206800006,9.466210827000054],[80.26172245300012,9.470374825000135],[80.2649949480001,9.467902172000095],[80.26412494700014,9.465267953000023]]],[[[80.2627232540001,9.495305919000089],[80.26331153300015,9.496151548000114],[80.26499013400007,9.494936625000037],[80.26207987200013,9.49477034000006],[80.2627232540001,9.495305919000089]]],[[[80.26422813700015,9.498168103000069],[80.26447646800017,9.498315034000086],[80.26454700200014,9.498164502000066],[80.26412079900012,9.49801731100007],[80.26422813700015,9.498168103000069]]],[[[80.26327398100005,9.487401107999972],[80.26369323300014,9.487400364999985],[80.26352123800018,9.486976237000079],[80.26297262000008,9.486663405000115],[80.26335568000019,9.487027623000074],[80.26327398100005,9.487401107999972]]],[[[80.26262874900016,9.498161150000158],[80.26272799200012,9.498059125000111],[80.26245791600013,9.498082238],[80.26259422700014,9.498164807000023],[80.26262874900016,9.498161150000158]]],[[[80.26173274500007,9.498338681000178],[80.2616000430001,9.49858640900004],[80.26224245000009,9.498679938000066],[80.26222677300012,9.498442482000144],[80.26173274500007,9.498338681000178]]],[[[80.26216330800008,9.495863874000122],[80.26204195300011,9.495707637000066],[80.26179145800006,9.495670559000018],[80.26197146800001,9.495825619000072],[80.26216330800008,9.495863874000122]]],[[[80.26179610000008,9.495060884000111],[80.26147026300004,9.49479494200017],[80.26128955400009,9.494988890000059],[80.26177210900016,9.49520850099998],[80.26179610000008,9.495060884000111]]],[[[80.2609967510001,9.487656902000026],[80.261159578,9.487909950000187],[80.26175414900007,9.48800530700015],[80.26097586700018,9.487370523000038],[80.2609967510001,9.487656902000026]]],[[[80.25977072900014,9.497454136999977],[80.26043682000005,9.498274206000076],[80.261431281,9.498462289000088],[80.2609913350002,9.497515791000126],[80.25977072900014,9.497454136999977]]],[[[80.26073633200014,9.497323822000112],[80.2610107230002,9.49697259200002],[80.26034477100018,9.496791683000083],[80.2605103140001,9.49724139100016],[80.26073633200014,9.497323822000112]]],[[[80.26094343400007,9.494764873000065],[80.2608324900001,9.49453080000012],[80.26050957500013,9.494565588000171],[80.2606280440001,9.494700212000112],[80.26094343400007,9.494764873000065]]],[[[80.25936096200007,9.471758990000183],[80.25936098200003,9.472234584000091],[80.25994173100003,9.472297645000083],[80.25996005500014,9.472039260000088],[80.25936096200007,9.471758990000183]]],[[[80.2598888490001,9.471117533000154],[80.25947492300014,9.470699466999974],[80.25828032900006,9.470723840000176],[80.25917565100008,9.47077262700003],[80.2598888490001,9.471117533000154]]],[[[80.25553984099997,9.491247257000168],[80.2535775500001,9.495155775000057],[80.25948871300005,9.494257027000117],[80.25939984700017,9.49320652199998],[80.25596232200002,9.4932527900001],[80.25553984099997,9.491247257000168]]],[[[80.25865606500008,9.471040311000138],[80.25892068200005,9.471731668000075],[80.25907149800008,9.471788943999968],[80.25904214400015,9.471138440000175],[80.25865606500008,9.471040311000138]]],[[[80.25859994200016,9.491863552999973],[80.25880891500009,9.491162314000121],[80.25764996200007,9.490876421000053],[80.2581754950001,9.491220965000139],[80.25859994200016,9.491863552999973]]],[[[80.2583478900001,9.471767804000024],[80.25821273600008,9.47146868600015],[80.2577872110001,9.471438491000015],[80.25811095300008,9.4715071440001],[80.2583478900001,9.471767804000024]]],[[[80.25754251700016,9.498562158000084],[80.25763418500009,9.49925940900016],[80.25794993300008,9.499270637],[80.25785946200017,9.498865887000079],[80.25754251700016,9.498562158000084]]],[[[80.25745589800016,9.491776325000046],[80.25760257800005,9.491076625000062],[80.25688618700019,9.49095268800005],[80.25670575600009,9.491384703000165],[80.25745589800016,9.491776325000046]]],[[[80.25730507000014,9.498508100000095],[80.25697910800017,9.498264665000079],[80.25672622600018,9.498420532000125],[80.25731202700007,9.498968965000074],[80.25730507000014,9.498508100000095]]],[[[80.2572263130001,9.490613856000039],[80.25713975100001,9.490035421000073],[80.25652959400009,9.49012864000008],[80.25655599900006,9.490314307000062],[80.2572263130001,9.490613856000039]]],[[[80.25719624300007,9.47151185100006],[80.25541219500008,9.472113377000085],[80.2538292000001,9.473093136000102],[80.25551652500019,9.47213695],[80.25719624300007,9.47151185100006]]],[[[80.25559035700007,9.490360523000163],[80.2551450840001,9.490910320000069],[80.2569047390001,9.490788609000049],[80.25647796800007,9.490482817000157],[80.25559035700007,9.490360523000163]]],[[[80.25458954800013,9.490898192000145],[80.25441402600018,9.491152635000162],[80.25500736900017,9.491279107000139],[80.25504118200001,9.491082048000067],[80.25458954800013,9.490898192000145]]],[[[80.25366966800004,9.470543499000087],[80.25344317200017,9.470548134000182],[80.25328207300004,9.471028282000134],[80.25360839800015,9.47083238100015],[80.25366966800004,9.470543499000087]]],[[[80.25335846100018,9.496207642000172],[80.25211248599999,9.49694864300011],[80.25233963400012,9.497943646000067],[80.25280991700009,9.497755483000049],[80.25335846100018,9.496207642000172]]],[[[80.22380934800015,9.536540348000074],[80.22391169300016,9.53729837800006],[80.22485184300018,9.536305920000189],[80.2246602130001,9.536125868000056],[80.22380934800015,9.536540348000074]]],[[[80.2201041570001,9.539063494000118],[80.2231779120001,9.537744053000097],[80.22316744300008,9.536665823000021],[80.21896390400013,9.538180657000169],[80.2201041570001,9.539063494000118]]],[[[80.21810484000014,9.539092396000171],[80.21888226500005,9.539374745000032],[80.21835010600017,9.538214758000038],[80.21809996000007,9.538565445000188],[80.21810484000014,9.539092396000171]]],[[[80.20858147500007,9.536533261000102],[80.20975222600003,9.536188958000139],[80.21203028200006,9.531307196000114],[80.2034670770002,9.5367019360001],[80.20858147500007,9.536533261000102]]],[[[80.20292181600013,9.536985668000113],[80.20212480800006,9.537587704000032],[80.2026493240001,9.538164245000019],[80.20315493300012,9.537515708000115],[80.20292181600013,9.536985668000113]]],[[[80.20169205300004,9.542330394000032],[80.20185439300019,9.541553899000178],[80.20094843099997,9.539056201000108],[80.1988481250001,9.542109512000081],[80.20169205300004,9.542330394000032]]],[[[80.19450496900015,9.545185743000104],[80.19472520000016,9.545089907000033],[80.19463588700012,9.54490241800005],[80.19442013800011,9.545094009000024],[80.19450496900015,9.545185743000104]]],[[[80.15734343500009,9.448807705000036],[80.15622921000016,9.449412344000052],[80.15646288100004,9.450327582000114],[80.15777799200004,9.448802864000072],[80.15734343500009,9.448807705000036]]],[[[80.15732834900007,9.455015533000108],[80.15739348600005,9.454950187],[80.15694762700019,9.454394792000187],[80.1569229110001,9.454926303000036],[80.15732834900007,9.455015533000108]]],[[[80.15705169300008,9.453793710000184],[80.15693685000008,9.453597216000105],[80.15679494200009,9.453614415000175],[80.15678694200011,9.45365753200008],[80.15705169300008,9.453793710000184]]],[[[80.15683224800011,9.44873628300013],[80.156806281,9.448336145999974],[80.15637737100008,9.448034579000023],[80.15622149800004,9.448785205000092],[80.15683224800011,9.44873628300013]]],[[[80.12579787000004,9.429993712000055],[80.12551437200005,9.428555224000036],[80.125417454,9.428476474000092],[80.12521026200011,9.429226176000157],[80.12579787000004,9.429993712000055]]],[[[80.08963087500013,9.599404375000177],[80.10448375099998,9.59427178900006],[80.09904617100005,9.594805285000177],[80.09016421400014,9.597804944000075],[80.08963087500013,9.599404375000177]]],[[[80.08954719500014,9.311521662000075],[80.07917344300012,9.313079832000085],[80.07315735000003,9.322213682000154],[80.08301128000016,9.321060117000172],[80.08484675000017,9.316803951999987],[80.08815880700018,9.314353144000052],[80.08712698900007,9.31274582900005],[80.09089010000014,9.31259249700014],[80.09082092800008,9.311886404000063],[80.08954719500014,9.311521662000075]]],[[[80.08840932700014,9.313738621000141],[80.08845554700002,9.31388952300017],[80.08843169500005,9.314170488000059],[80.08873023500001,9.313903977000109],[80.08840932700014,9.313738621000141]]],[[[80.06835774600006,9.609759609000093],[80.08701523400015,9.598600080000153],[80.07906613700015,9.60132071300012],[80.07482857200011,9.603400732000182],[80.06601917400002,9.609561487],[80.06835774600006,9.609759609000093]]],[[[80.08443694000016,9.318938131000095],[80.08475667000016,9.319471297000177],[80.08502881200013,9.3177261780001],[80.08440601000012,9.318141152000123],[80.08443694000016,9.318938131000095]]],[[[80.08424250800005,9.31889110000003],[80.08393751500017,9.319241408000039],[80.08400954800015,9.320058721000066],[80.08457617800013,9.319556480000188],[80.08424250800005,9.31889110000003]]],[[[80.0804537520001,9.610188414000106],[80.07612358800014,9.61166204000017],[80.07603267000007,9.611988711000095],[80.08433785500006,9.608980397000096],[80.0804537520001,9.610188414000106]]],[[[80.0594532670001,9.33024034400006],[80.05199121400005,9.337925756000061],[80.05643588600009,9.34818787000006],[80.0594190490001,9.340626020000173],[80.0594532670001,9.33024034400006]]],[[[80.00782264100008,9.279455948000134],[80.00119018700002,9.270527756000035],[79.99179532800014,9.284577381000133],[79.9758769230001,9.281787235000024],[79.97256138700004,9.294311786000094],[79.98797597200013,9.30690932400006],[79.99376903000018,9.30315734300018],[79.98925237100013,9.302061372000026],[79.99554145300004,9.292484830000092],[80.00011440500003,9.273683580000181],[79.99869493200009,9.290891471000123],[80.00782264100008,9.279455948000134]]],[[[80.00259356200007,9.286715670000035],[80.00288522800003,9.28723437200017],[80.00317138899999,9.287274862000118],[80.00241378600009,9.286433101],[80.00259356200007,9.286715670000035]]],[[[79.99863996500005,9.28051638300002],[79.99859080900006,9.280519622000043],[79.9985145660001,9.280589707000047],[79.99870859400016,9.280514543000038],[79.99863996500005,9.28051638300002]]],[[[79.99828408500008,9.282999724999968],[79.99835524000002,9.283256294000182],[79.99837441500011,9.281989097],[79.99817579400013,9.282330519000027],[79.99832030900006,9.282710571000052],[79.99828408500008,9.282999724999968]]],[[[79.99821251000014,9.283470262000094],[79.9980950920002,9.283597401000065],[79.99809277300011,9.28370019700003],[79.9983030790001,9.283507983000106],[79.99821251000014,9.283470262000094]]],[[[79.99825059100016,9.282958152],[79.9982859820002,9.282799192000027],[79.99812345100014,9.28245852200007],[79.99806701300008,9.28262738300009],[79.99825059100016,9.282958152]]]]}},{"type":"Feature","id":"batticaloa","properties":{"district_id":"batticaloa","name":"Batticaloa","pcode":"LK51","province":"Eastern"},"geometry":{"type":"MultiPolygon","coordinates":[[[[81.81859581600008,7.457632030000184],[81.80551605900007,7.449148225000158],[81.80782916500016,7.432048698000131],[81.7937027540001,7.430911378000189],[81.79952499100017,7.435958507000066],[81.79558625700008,7.456074722000153],[81.80553818700014,7.452225832000181],[81.8091338820002,7.477158564000035],[81.80499395700008,7.498946287000024],[81.79540550300004,7.474672256000019],[81.76990603100018,7.497072826000021],[81.7703570700001,7.508812360000036],[81.78298638600018,7.51961157500017],[81.77216921200011,7.556369479000011],[81.78065370100018,7.583404631000121],[81.76557447300007,7.593206018000103],[81.75210088400019,7.636283649],[81.73251699800016,7.63811215000004],[81.72074244800012,7.657340305],[81.72684653100004,7.666869938000048],[81.70760080100018,7.712234650000141],[81.71157445800003,7.729949891000103],[81.68667498000008,7.761042690000124],[81.69887337400007,7.752841244000138],[81.7084764110001,7.739721344000088],[81.78005949100003,7.616055837000033],[81.79654235000004,7.569634912000083],[81.81859581600008,7.457632030000184]],[[81.80766286300008,7.497594019000076],[81.80952940500015,7.47727788900005],[81.81633203900009,7.464532970999983],[81.81346418300012,7.472046719000161],[81.80766286300008,7.497594019000076]]],[[[81.40368387000018,8.265998588000116],[81.42536172800004,8.189425487000051],[81.43681891700004,8.179004687000088],[81.43243845400008,8.167221597000037],[81.43939842000003,8.137960603000124],[81.45959440900015,8.110557057000108],[81.45978198400013,8.083744101000093],[81.47784839600013,8.032508346000157],[81.49569737900003,8.0079503],[81.52672946000018,7.985220718000164],[81.54622960100005,7.994802093000089],[81.55366657400015,7.987873308000076],[81.53952626500018,7.968730099000084],[81.54980125100019,7.94051389700013],[81.52178869500017,7.933527635000075],[81.51314673900015,7.920838476000085],[81.51272260500019,7.912072761000047],[81.51471768500011,7.905594214000189],[81.50433248900003,7.905348868000146],[81.50929973800004,7.892006240000171],[81.51136130200013,7.891033982000181],[81.51220304900005,7.895238877],[81.51654666400015,7.888671009000177],[81.51709051800003,7.891278209000063],[81.5237383160001,7.857766680999987],[81.547494702,7.827389737000146],[81.51373510900015,7.831082599000183],[81.51415387100013,7.816097542000136],[81.51801911700005,7.81176110600012],[81.52827519900006,7.822062401999972],[81.54054222400015,7.817279003000067],[81.55118288400018,7.827123290000031],[81.5195806500002,7.879190722000089],[81.51919994000014,7.881211033],[81.51978988600007,7.880172861000119],[81.522038974,7.884207073000141],[81.52267581700005,7.886922693000088],[81.51582777700008,7.901707327],[81.5127183140001,7.902804196000091],[81.51546953500014,7.903986379000116],[81.5171169140001,7.90105302000012],[81.51973136200007,7.906735628000092],[81.51568470300015,7.921558703000073],[81.55078645300017,7.932752507000089],[81.55716092700015,7.943111916000021],[81.56349941600013,7.927063694000026],[81.58294612600014,7.920003326000085],[81.56861242800005,7.917607876000147],[81.56387398100014,7.901324949000184],[81.57923573700003,7.848421786000131],[81.60506038400007,7.82416778400011],[81.62028936400014,7.828612149000037],[81.64133693800011,7.79018213500018],[81.68565478100015,7.760206793000179],[81.70610607200001,7.72491167600009],[81.69997700400006,7.714272115000028],[81.67750789299998,7.729481100000157],[81.68749352900005,7.70143975100018],[81.68403691100019,7.692479019000018],[81.6721254840001,7.692308010000033],[81.66674963300017,7.733422841000049],[81.60073455200006,7.771174165000048],[81.58514533700014,7.755093685000077],[81.5796273150001,7.728788476000034],[81.57521630100018,7.729305455000087],[81.56753719400012,7.720596537000176],[81.57705805200004,7.728984542000092],[81.6097397150001,7.711549060000038],[81.61961748400017,7.734798033000175],[81.63465350700017,7.722501083],[81.65687030500004,7.721377374000042],[81.63523499000007,7.704339102000176],[81.64032643300004,7.699865014000181],[81.65063435700011,7.707624432000046],[81.66669033900007,7.690154259000053],[81.67025235000017,7.668304716000137],[81.67179232600006,7.681036004000134],[81.6852699980002,7.678989484999988],[81.69710457800005,7.655831129000035],[81.6881331850002,7.652626441000052],[81.68901255700013,7.632861579000064],[81.70055844900014,7.632837048000056],[81.704675215,7.641440407],[81.71140443799999,7.628500207000116],[81.72229558700008,7.647592298],[81.72761371700011,7.621345397000027],[81.73756639599998,7.626034037000181],[81.75479386800004,7.598648993999973],[81.7456163920001,7.598564062999969],[81.74948609000018,7.590212038],[81.77046678800008,7.579833176000136],[81.75990594300015,7.565579522000121],[81.74525210400014,7.56313149600004],[81.75595685399998,7.552388592000057],[81.765061129,7.560209612000051],[81.76945827200012,7.537031326000033],[81.75566848800014,7.53711641700005],[81.74498062100014,7.547666004000121],[81.73948478099999,7.542124184000102],[81.74478289500013,7.528553744000078],[81.7657767130001,7.534139779000157],[81.77152813000015,7.522447051000086],[81.78155659900011,7.521214403999977],[81.76816604600015,7.510934801000076],[81.7671995730002,7.501866404000168],[81.74614781200017,7.509695301000022],[81.76846641500003,7.478687994000097],[81.75929428600011,7.478578443],[81.75162766699998,7.455812967000043],[81.72575917800003,7.455023914000037],[81.66399631200017,7.399421029000109],[81.66133579700005,7.470232005000071],[81.64786311400007,7.50369439300016],[81.6502134970001,7.523463876000108],[81.6174169950001,7.507637813000088],[81.4944887580001,7.513630366000086],[81.50043966800007,7.518222990000083],[81.48964125200013,7.526109470000165],[81.451090164,7.542469047999987],[81.43227744700016,7.571657180000102],[81.44808591700007,7.61926578900011],[81.44491131500013,7.641476364000084],[81.367190327,7.666067410000096],[81.32186707300019,7.734632960999988],[81.25101493900002,7.730777056000079],[81.24036904700006,7.739483070000119],[81.22730215900003,7.777069549000089],[81.22481234600014,7.821119075000183],[81.23227843100017,7.845595922000086],[81.2266934330001,7.867326661000163],[81.23668008800013,7.887540700000159],[81.2370718410001,7.921573875000092],[81.25376690400009,7.936889056000155],[81.27470320900017,7.937299693000114],[81.28902370500003,7.947719172000063],[81.30660404400004,7.936571872000172],[81.33976789600013,7.936542886000097],[81.33456881000018,7.970161456000085],[81.30663676600011,8.029163628],[81.3113897120001,8.251902572000176],[81.32859966000012,8.264927260000093],[81.35357126100013,8.2689361730001],[81.35440452200004,8.257676874000083],[81.37048285200007,8.25327653100004],[81.38584695800012,8.253400282000086],[81.39309016800007,8.261520751999967],[81.39629094200006,8.248342373000185],[81.40368387000018,8.265998588000116]],[[81.3866660020002,8.1980275680001],[81.37734519100019,8.181471128000169],[81.38614505300018,8.139899724000088],[81.40482606900008,8.132775410000022],[81.40757366100001,8.10573078100009],[81.43519169100006,8.093261505999976],[81.43100771500008,8.070537508000086],[81.44665543000008,8.065487197000095],[81.44592430800014,8.070677637000017],[81.43562450100018,8.073069444000112],[81.44734747900003,8.116107928000076],[81.44012410400006,8.131967235],[81.43393371900004,8.153637610999965],[81.43282223900013,8.153298220000067],[81.43269164700013,8.149227903000167],[81.43619535200003,8.135636312000088],[81.44218948900016,8.122452477000024],[81.4339956020001,8.097135730000105],[81.40432331300002,8.150032287000101],[81.40037255200008,8.19107104700015],[81.3866660020002,8.1980275680001]]],[[[81.77083383299998,7.536718292999979],[81.77095256600012,7.537031909000177],[81.77145075600015,7.537154958000144],[81.77125898300017,7.536377272000095],[81.77083383299998,7.536718292999979]]],[[[81.731702413,7.634034800000052],[81.73099693300009,7.634218743000076],[81.73157966000008,7.636302017000105],[81.73273288100017,7.634888873000079],[81.731702413,7.634034800000052]]],[[[81.72760583300015,7.636438159000022],[81.72591158800003,7.640628578000076],[81.72777510100013,7.642455525000173],[81.72858094500003,7.637737586000185],[81.72760583300015,7.636438159000022]]],[[[81.69438115400015,7.70304813600012],[81.70470492100003,7.701612848000025],[81.7094408640001,7.688133746000119],[81.69594462000003,7.670457394000039],[81.69036240200018,7.686712223000029],[81.69438115400015,7.70304813600012]]],[[[81.69917911500005,7.654733181000154],[81.70338999300009,7.655421458000149],[81.7046950890001,7.649055130000079],[81.70042616800009,7.648753296000166],[81.69917911500005,7.654733181000154]]],[[[81.69629770000012,7.715067465000118],[81.70270128700014,7.711481621000075],[81.68990172100018,7.703112413000042],[81.685215,7.712530438000101],[81.69629770000012,7.715067465000118]]],[[[81.69509554000012,7.648925753000128],[81.69580542900013,7.647813318000033],[81.69560090100009,7.64699567200006],[81.69415584200016,7.647632175000012],[81.69509554000012,7.648925753000128]]],[[[81.66469750100003,7.699882784000067],[81.66234272300005,7.696558908000043],[81.65880314200018,7.701299069000072],[81.66517327700012,7.703274832000034],[81.66469750100003,7.699882784000067]]],[[[81.5227911020001,7.929039984000156],[81.53004645100009,7.928622023000116],[81.52972893200018,7.928322040000069],[81.52840486800005,7.928154081000116],[81.5227911020001,7.929039984000156]]],[[[81.52400425400009,7.931371566000109],[81.52175019500004,7.929021059999968],[81.52288467400018,7.93151242600004],[81.52449059200018,7.932244424000032],[81.52400425400009,7.931371566000109]]],[[[81.51870059700013,7.89145847900005],[81.52238099400006,7.886917613000037],[81.52092041000003,7.883965628000112],[81.51892860800007,7.888796432000163],[81.51870059700013,7.89145847900005]]],[[[81.5188687000001,7.907294178000143],[81.51900658200015,7.906297846000143],[81.5178898260001,7.90612369500019],[81.5188755710002,7.907043203000057],[81.5188687000001,7.907294178000143]]],[[[81.51704273600018,7.904026839000096],[81.51715999900017,7.904615733000128],[81.51825670700015,7.905149535000078],[81.51666726400003,7.903147904000093],[81.51704273600018,7.904026839000096]]],[[[81.51600204800002,7.897869294000145],[81.51760319900006,7.894198362000168],[81.5158824310002,7.89103686500016],[81.51373893400017,7.895403268000052],[81.51600204800002,7.897869294000145]]],[[[81.51345744500009,7.912520222000182],[81.51755140300008,7.911975510000048],[81.51622543900015,7.907253295000032],[81.51502857700007,7.907740521000051],[81.51345744500009,7.912520222000182]]],[[[81.51306834600013,7.912355340000033],[81.51344652700004,7.911801770000068],[81.51343127800016,7.91109543400006],[81.5130425640001,7.911721308000153],[81.51306834600013,7.912355340000033]]],[[[81.50986960900008,7.902746997000065],[81.51049672500005,7.902084106000189],[81.50912681800014,7.90206071800003],[81.50952695200004,7.902622817000065],[81.50986960900008,7.902746997000065]]],[[[81.4633447870001,8.11014556400005],[81.46222552200015,8.110437168000033],[81.46321765600015,8.112490487],[81.46438643000005,8.111376519000032],[81.4633447870001,8.11014556400005]]],[[[81.44180425700006,8.10969079900002],[81.44037774400005,8.113464684000064],[81.44441511100007,8.118282586000078],[81.44507851300006,8.115116668000155],[81.44180425700006,8.10969079900002]]]]}},{"type":"Feature","id":"ampara","properties":{"district_id":"ampara","name":"Ampara","pcode":"LK52","province":"Eastern"},"geometry":{"type":"Polygon","coordinates":[[[81.75334688500016,7.457951381000044],[81.77453234300015,7.484087750000128],[81.79498304200018,7.466323636000084],[81.78630035000009,7.451804764000144],[81.78824936000007,7.439571547000071],[81.79934309100003,7.437049161000061],[81.79536501800015,7.429910813000049],[81.80782916500016,7.432048698000131],[81.80551605900007,7.449148225000158],[81.81859581600008,7.457632030000184],[81.86075037299997,7.346721959000035],[81.86987487800008,7.275198273000058],[81.8580057760002,7.103064171000085],[81.8790335760001,7.022652760000085],[81.84401221200017,6.907235282000102],[81.84630197400008,6.871739912000066],[81.83333303600017,6.856826907000084],[81.83211988900007,6.843340512000054],[81.84038328100002,6.836745832000076],[81.82251189400006,6.813025154000115],[81.81889897000013,6.78681533200006],[81.82662864500008,6.764081077000128],[81.81029519800018,6.746617699000069],[81.8009798490001,6.709116752000114],[81.7727639110002,6.670716964000064],[81.77779086700008,6.646741045000056],[81.76020931500005,6.608028609000087],[81.76316357600012,6.595677839000132],[81.74031860000014,6.574197851000122],[81.70704490600008,6.510697337000124],[81.67455490999998,6.520964763000052],[81.66251290600019,6.540716626000176],[81.6385986090001,6.542155402],[81.60850614600008,6.580121189000124],[81.6276438230002,6.910748476000151],[81.63772658600016,6.959896342000036],[81.617741534,6.980425677000028],[81.62190355000013,6.998196388000167],[81.60763417600003,7.0287644550001],[81.6189890620002,7.049169253000173],[81.61364050500009,7.067570264999972],[81.51532156400003,7.102925243000129],[81.51405746400008,7.136165097000116],[81.50220341800019,7.146650156000135],[81.50156001400006,7.157869340000104],[81.52320352400011,7.19776427700009],[81.55595490600012,7.219153937000101],[81.52111507400014,7.242989295000143],[81.52735757800008,7.253134369000065],[81.52002145500018,7.287938547000124],[81.47842409000015,7.324342036000075],[81.49119931200005,7.335746555000185],[81.47256636100019,7.393475313000067],[81.47800916200009,7.421893118000071],[81.46218211400009,7.427952576000166],[81.47906354500003,7.455332531000067],[81.455126356,7.458916241000111],[81.40705327500012,7.431661836999979],[81.40610795300006,7.415872820000061],[81.37471315700003,7.409354177000068],[81.38650544300015,7.36960545300019],[81.36361117700017,7.356013299000153],[81.36662738500019,7.342946157000085],[81.33488540600007,7.334138174000032],[81.32060819800006,7.338206866000064],[81.32148087700006,7.265170355000066],[81.284575083,7.242489204000094],[81.26337097900006,7.311592583000049],[81.23765984900012,7.342888187000085],[81.2206292680001,7.332555991000163],[81.19454018400006,7.376480362000109],[81.20226930000013,7.391409890000148],[81.18301766900015,7.442490166000027],[81.19921636200013,7.469635400000186],[81.1989835080002,7.498392721000073],[81.20739635700005,7.517154487000084],[81.20497174300016,7.557962924000151],[81.18866383300013,7.573080247000178],[81.16128749100005,7.567282059000036],[81.12172734500012,7.550775105000071],[81.07733808600005,7.510664812000186],[81.03905050700018,7.505299515000104],[81.0289634510001,7.536343421000083],[81.01435688500015,7.551334464000092],[81.01436179100006,7.593967422000048],[80.98593705200017,7.609654778000049],[80.97951928000009,7.621613340000067],[80.99673769200012,7.65967493200003],[80.98813826300011,7.725454973000183],[81.00361888900005,7.723718038000072],[81.00797553000018,7.730033112000172],[81.02122133100005,7.71202591499997],[81.03493225500011,7.718647664000116],[81.038378969,7.703166611000086],[81.0563265780001,7.72227529900016],[81.05107192100007,7.736869992999971],[81.07183168700016,7.716379435000135],[81.09695521300006,7.728528596000046],[81.11054154200019,7.705205134000096],[81.10972761900007,7.693868663000103],[81.0967346810001,7.685143062000122],[81.1040021010001,7.660531050000145],[81.14720010700012,7.657731841999976],[81.15193273699998,7.642910235000159],[81.16415895700015,7.648343807000117],[81.17184312800009,7.643507308000039],[81.17754692700015,7.667285364000179],[81.1902989570001,7.651020554000183],[81.19479773500018,7.657714300000123],[81.2129255430001,7.641154257000153],[81.22375445500012,7.673555455000155],[81.24098291800016,7.681441158999974],[81.24114269800003,7.715201942000135],[81.23419604200012,7.722761350000155],[81.24036904700006,7.739483070000119],[81.25403814400016,7.730208862000154],[81.32186707300019,7.734632960999988],[81.367190327,7.666067410000096],[81.44516240799999,7.64121035800008],[81.44808591700007,7.61926578900011],[81.43227744700016,7.571657180000102],[81.451090164,7.542469047999987],[81.48964125200013,7.526109470000165],[81.50043966800007,7.518222990000083],[81.4944887580001,7.513630366000086],[81.6174169950001,7.507637813000088],[81.6502134970001,7.523463876000108],[81.64786311400007,7.50369439300016],[81.66133579700005,7.470232005000071],[81.66399631200017,7.399421029000109],[81.72575917800003,7.455023914000037],[81.75334688500016,7.457951381000044]]]}},{"type":"Feature","id":"trincomalee","properties":{"district_id":"trincomalee","name":"Trincomalee","pcode":"LK53","province":"Eastern"},"geometry":{"type":"Polygon","coordinates":[[[80.9672357990001,8.98668741199998],[80.99732334500015,8.941022393000083],[81.00763009200006,8.938457050000181],[81.0403033230001,8.879294847999972],[81.06640887200012,8.857410168000058],[81.07970906700001,8.868670792000103],[81.1115582160001,8.803383945],[81.17472853300018,8.733415372000024],[81.20366581400003,8.677787889000058],[81.22532870400005,8.653338524999981],[81.21998820100004,8.608658122000179],[81.23300855100018,8.580106026000124],[81.2405881730001,8.57630541300017],[81.24602258900012,8.582614144],[81.23886820200016,8.570389546000172],[81.24604466200009,8.54628507600006],[81.22727128700012,8.535610435000137],[81.23229334200005,8.547354694000092],[81.221751354,8.544272187000047],[81.23305678999998,8.56558783100013],[81.22422558500017,8.575924643000121],[81.20753210900006,8.565368165000109],[81.21994881800009,8.584374894],[81.2027134920001,8.568132662000153],[81.20023729400003,8.578888766000148],[81.19227313500016,8.571560121000118],[81.20038497100006,8.563213270000062],[81.19171293200009,8.563149635000059],[81.19176450200013,8.555759266000052],[81.20636213799997,8.553972287000079],[81.19164804500014,8.544277998000098],[81.20273769600016,8.542635464000057],[81.19832928800008,8.537000020000107],[81.20532687200011,8.535734282000021],[81.20040135500017,8.530651344999967],[81.20770499800011,8.530011049000109],[81.21306761600005,8.509386752000125],[81.18575513899998,8.512011747000145],[81.18477064500007,8.536056527000085],[81.17756967700006,8.525848783000185],[81.15250328000002,8.546365209000044],[81.14262788500014,8.523035392000168],[81.12000339500014,8.50881969000011],[81.12796272600008,8.49309029799997],[81.13861380300006,8.488741421000157],[81.14958932600018,8.507384060000163],[81.17071894300005,8.514006490999975],[81.19081647000019,8.50545451],[81.20520972300011,8.469166822000147],[81.23041683200006,8.46051740900009],[81.27870881500013,8.465340105000166],[81.28812566300013,8.485501916999965],[81.28035778500015,8.507203092999987],[81.30190970600012,8.50928688600004],[81.31881012600013,8.52546896900003],[81.3535036560001,8.495845953000185],[81.38043332600017,8.379521131000104],[81.39290309800003,8.359494329000029],[81.38834212900008,8.333646453000085],[81.40344126100007,8.268456934000142],[81.40089385800007,8.249404180000056],[81.39527715700012,8.248688445000028],[81.3927457470001,8.261611162000179],[81.38584695800012,8.253400282000086],[81.35467424900008,8.257439338000154],[81.35357126100013,8.2689361730001],[81.32859966000012,8.264927260000093],[81.31056251100011,8.251632663000123],[81.28667769000015,8.26161160300012],[81.27315690800003,8.241251256000112],[81.26647698800014,8.242249954000158],[81.268835212,8.234390246000146],[81.24977964900012,8.225960059000101],[81.25196545400007,8.21123785400016],[81.23777428600005,8.196552662000101],[81.24308212200015,8.180165198000111],[81.23410458000018,8.17435698100013],[81.2310291440001,8.155398970000135],[81.20613921,8.148123423000072],[81.19191928900005,8.152339243000029],[81.20545071200007,8.161702962],[81.21309207700006,8.180313068999965],[81.20277881300007,8.183444245999965],[81.20150004400006,8.228704133000178],[81.16654066700005,8.23327006400001],[81.14167143800017,8.259185381000123],[81.12644448500015,8.263740873000074],[81.1087466420002,8.255118042000106],[81.07837407700003,8.27268114500015],[81.0391046970002,8.278853709000145],[80.9883130820001,8.272695660000181],[80.98061918800016,8.312588270000106],[80.9618856800002,8.324719113000072],[80.95186409700011,8.32192296800008],[80.92958903200014,8.351081872000066],[80.92915024800004,8.390529743],[80.97494727700007,8.468177062000109],[80.98973742800018,8.468949565000173],[80.9934427450001,8.482709807000049],[80.96528225100013,8.487407432000168],[80.96527004100017,8.499095110000155],[80.94894420300011,8.508101491000104],[80.94679224500004,8.55608853400014],[80.91416510100015,8.58983603300004],[80.9138872220002,8.609976724000035],[80.8941388790002,8.62207431600018],[80.8931019870002,8.645916846000091],[80.91297529600007,8.68252519900011],[80.89336358800006,8.716695056000049],[80.89249134500011,8.742093309000154],[80.87947945400003,8.752119885000184],[80.88008385700005,8.766222252000034],[80.88360761200005,8.787582653000015],[80.9126337130001,8.832579792000104],[80.88497988400007,8.86947484500007],[80.81175485200004,8.916438076000134],[80.78625408900012,8.921611031000168],[80.75510963400006,8.905833133000101],[80.76177009700007,8.936118878000173],[80.77556403900007,8.947240957000133],[80.83327317600003,8.960585835000131],[80.86554282600014,8.958597263000115],[80.88967044200001,8.980940836000059],[80.90005662700008,8.978959930000144],[80.907338417,8.986521110000126],[80.9672357990001,8.98668741199998]]]}},{"type":"Feature","id":"kurunegala","properties":{"district_id":"kurunegala","name":"Kurunegala","pcode":"LK61","province":"North Western"},"geometry":{"type":"Polygon","coordinates":[[[80.50129198400009,7.816923382000027],[80.49790117100014,7.783348683000042],[80.51844655100007,7.774037030000045],[80.53711166400018,7.739443712000025],[80.5365804610002,7.709113737000109],[80.54946225800012,7.704901187000075],[80.55369666700011,7.670604261000051],[80.54613630800009,7.654666998000096],[80.57793892600012,7.60500123200012],[80.568756361,7.593194057000119],[80.57481256000011,7.574795020000181],[80.56236364400019,7.572906825000189],[80.55261434200014,7.551935747000186],[80.56389715900013,7.513658306000082],[80.57385379700008,7.508864659000039],[80.57652503100013,7.479491061000033],[80.5550362510001,7.449098814000081],[80.54071272400006,7.449361185000043],[80.55577981000005,7.417370629000061],[80.53882708100008,7.421326004000036],[80.52919710600008,7.412201440000047],[80.51732459900018,7.414101635000122],[80.51922080600008,7.389393611000173],[80.51068493900004,7.385617609000064],[80.46997159600016,7.413272922000033],[80.46175239400009,7.410924016000024],[80.4721974110002,7.393315902000097],[80.45125883900005,7.361505510000086],[80.45648216900003,7.34990989400012],[80.44582634300014,7.357424569000045],[80.41381386100016,7.35704779200006],[80.41128589300007,7.383787940000104],[80.39216108000016,7.396596154000065],[80.34726673900019,7.387152404000119],[80.35579115500013,7.357396864000179],[80.34252010200015,7.351378854000131],[80.34992521100008,7.338944551000111],[80.33842411100005,7.32118816600007],[80.32075806900014,7.328662736000183],[80.31628518300005,7.320977079000102],[80.27864363900005,7.317943759000116],[80.21475045700015,7.27527328900004],[80.20286761500017,7.258864760000165],[80.18450716100017,7.261365855000065],[80.16802018700008,7.2862036410001],[80.14363339700009,7.303667151000127],[80.14815963,7.313563031],[80.12419026800012,7.330317538000145],[80.05914029600018,7.283786577000114],[80.04710028700009,7.299441000000115],[80.03112454100005,7.302125568000065],[80.0267702060001,7.31775242100008],[80.01525896800013,7.314312599000061],[80.00784719100017,7.321817796000119],[79.98846658600002,7.307307733000073],[79.99376134800008,7.303146118000086],[79.96814894800008,7.28937808500001],[79.95636186000007,7.293838272000187],[79.95040085000011,7.289160606000053],[79.95510609600007,7.280891434000125],[79.94159538800005,7.276200330000108],[79.93796364400009,7.346800776000066],[79.90233790600013,7.520358547000114],[79.90587041200018,7.616918107000174],[79.92377330000016,7.646522565000055],[79.93350812100016,7.650004622000154],[79.92324452500003,7.656192606],[79.92835080300011,7.674923390000117],[79.94668671900001,7.682631081000011],[79.9598813120001,7.674512723000134],[79.96336103800007,7.686768387000029],[79.95438416100012,7.694270292],[79.9388847300001,7.692464127000051],[79.954315624,7.701342700000055],[79.95555272900015,7.720334928000113],[79.97597495200012,7.723737347000167],[80.0003586260001,7.746104018000096],[79.99294249700012,7.761593030000029],[80.00228994100007,7.778619935000108],[79.99468599700009,7.793184511999982],[79.99856173700016,7.811756440000124],[80.01159336900014,7.815308967000135],[80.00557329800006,7.829873009000096],[80.0381378620001,7.844752096000093],[80.04223847100019,7.866326643000036],[80.06620758800017,7.873030687000153],[80.07248031900002,7.913990901000091],[80.09379986300013,7.921514528999978],[80.0985984670001,7.914524556000117],[80.10984887500018,7.950001922000069],[80.13274945000006,7.934328058000176],[80.14829966700017,7.942067381000015],[80.13319310400016,7.965346488000137],[80.14967497200018,7.998466154000084],[80.14350861300005,8.006882831000098],[80.1527527090002,8.067401203000031],[80.12842908700009,8.077881812000044],[80.11502996700005,8.096589135999977],[80.10786016700013,8.151790491999975],[80.09871550300005,8.167399741],[80.10448608300004,8.18107652100008],[80.10015063400004,8.197933821000106],[80.12177448500012,8.180928465000079],[80.1838249380001,8.162045860000148],[80.18739616599998,8.151199423000037],[80.20577815700011,8.153502448000097],[80.21376905300014,8.143809268000098],[80.25261749800006,8.132739826999966],[80.26711814500015,8.115327057000059],[80.30926112400005,8.118336494000118],[80.36973200800014,8.057473533000177],[80.39281577900005,8.04823723800007],[80.40516898600015,8.056215682000072],[80.41925281200014,8.04378602800017],[80.41536830300015,8.006389274000185],[80.42607706700016,7.963858594000158],[80.41767300800018,7.949740134000081],[80.43487246500013,7.946088756000165],[80.44858969300003,7.954678690000151],[80.46034376600005,7.945553936000124],[80.46457258000004,7.909487333000129],[80.47986269300009,7.880966532000116],[80.4688149370001,7.850042157000189],[80.48383042000006,7.823455329000069],[80.50129198400009,7.816923382000027]]]}},{"type":"Feature","id":"puttalam","properties":{"district_id":"puttalam","name":"Puttalam","pcode":"LK62","province":"North Western"},"geometry":{"type":"MultiPolygon","coordinates":[[[[79.93284986500004,8.557897350000019],[79.94723733300015,8.560563547000129],[79.95555701200004,8.552189836000139],[79.99924288100004,8.546081298000104],[80.03299336700013,8.52640389700008],[80.04315502400004,8.498995855000032],[80.03228949800007,8.466297687000122],[80.01522175900016,8.440138306000108],[79.98894147200008,8.421921623000173],[79.98127029900013,8.399576183000136],[79.95537772700004,8.394973530000073],[79.95179017800012,8.369824880000124],[79.97480959200016,8.338354305999985],[79.98259710800005,8.277715065999985],[79.99640560800003,8.253747311000097],[80.00001806700004,8.227797280000175],[80.02364379700015,8.224724368000125],[80.03738070300005,8.236519095000176],[80.06305791200015,8.219196401000033],[80.07918123700006,8.223119897000117],[80.09572443899998,8.20940646500003],[80.11502996700005,8.096589135999977],[80.12842908700009,8.077881812000044],[80.15280287900009,8.065989754000043],[80.14350861300005,8.006882831000098],[80.14967497200018,7.998466154000084],[80.13319310400016,7.965346488000137],[80.1479886460001,7.94144488000012],[80.13274945000006,7.934328058000176],[80.10984887500018,7.950001922000069],[80.0985984670001,7.914524556000117],[80.09379986300013,7.921514528999978],[80.07248031900002,7.913990901000091],[80.06620758800017,7.873030687000153],[80.04223847100019,7.866326643000036],[80.0381378620001,7.844752096000093],[80.00557329800006,7.829873009000096],[80.01159336900014,7.815308967000135],[79.99856173700016,7.811756440000124],[79.99468599700009,7.793184511999982],[80.00228994100007,7.778619935000108],[79.99294249700012,7.761593030000029],[80.0003586260001,7.746104018000096],[79.97597495200012,7.723737347000167],[79.95555272900015,7.720334928000113],[79.954315624,7.701342700000055],[79.9388847300001,7.692464127000051],[79.95438416100012,7.694270292],[79.96336103800007,7.686768387000029],[79.9598813120001,7.674512723000134],[79.94668671900001,7.682631081000011],[79.92835080300011,7.674923390000117],[79.92324452500003,7.656192606],[79.93350812100016,7.650004622000154],[79.90651952700017,7.620130485000061],[79.90233790600013,7.520358547000114],[79.93796364400009,7.346800776000066],[79.94241617900019,7.284421646000169],[79.94159538800005,7.276200330000108],[79.92378845399998,7.284462256000154],[79.92823801500003,7.27285314500017],[79.91492817600016,7.276923811000188],[79.90807910400014,7.265245471000071],[79.9091862300001,7.279249889000084],[79.90345787700016,7.274432019000074],[79.89975709499998,7.281379517000062],[79.89075934800007,7.273340380000093],[79.87462833000018,7.282698592999964],[79.86635603500002,7.270983412000135],[79.85409131000017,7.277011271000163],[79.84101235700007,7.272888403000081],[79.78864248000014,7.545756859000164],[79.78609229300008,7.606399546000034],[79.79692117400015,7.612778410000033],[79.80037669400008,7.635463625000057],[79.79584134000015,7.712112898000157],[79.75629091000013,7.891073235000135],[79.70606244100009,8.05716696200011],[79.70496487100007,8.15631049100017],[79.69235815700006,8.207655179000085],[79.70132164900008,8.220166564000124],[79.71498746700013,8.218523475000154],[79.73410077400018,8.233948555000097],[79.74467469000001,8.281790515000125],[79.77276859400018,8.348111382000127],[79.77474320100004,8.376609874000167],[79.78915546000013,8.383824891000188],[79.77925529500016,8.377787976000093],[79.78400223200009,8.364476057000104],[79.75819299700004,8.303126622999969],[79.76764247900013,8.301173119000168],[79.75259070500016,8.285224134000089],[79.75865233500002,8.276944446000186],[79.75047456800013,8.264081937000071],[79.75888995900016,8.267775933000166],[79.75639537100017,8.273251924000022],[79.7637153070001,8.268342677000021],[79.75326284800008,8.248533360000124],[79.73887412100015,8.250141348999989],[79.74074010300018,8.245219955000152],[79.73122680400007,8.228425368999979],[79.7401733640001,8.230901681000091],[79.76729293700015,8.26312638800016],[79.77675181600006,8.261369610000088],[79.76564424800011,8.241725901000052],[79.76894222100003,8.217206811000096],[79.75605336800004,8.224827895999965],[79.73763394600013,8.201661737000165],[79.74934949500005,8.182022325],[79.73898794000007,8.144175035000046],[79.72799465500003,8.137658037000165],[79.73602764200007,8.107044579000103],[79.73098037900019,8.085641465000037],[79.739342851,8.070867307000071],[79.75507174200015,8.063381925000158],[79.74188498100006,8.05455761100012],[79.74510853600003,8.03463299800012],[79.7362745640001,8.01520151800014],[79.75067613900018,7.990435098000148],[79.82409640400016,7.97609008400002],[79.81782079400011,7.993487948000109],[79.83265110200006,8.00419299900011],[79.834321693,8.018158562000167],[79.79243744500019,8.068152804000135],[79.79005406300013,8.078085618000046],[79.79321366500011,8.071458736000068],[79.80036011100003,8.076345589000027],[79.79011252900017,8.08648394],[79.80023029500012,8.083362328000021],[79.8145108650001,8.098957311999982],[79.81996911000005,8.124627209000039],[79.83465537200016,8.12983710300017],[79.83364963300016,8.150664368000093],[79.81918109600002,8.163190736],[79.81890585700012,8.206085075000033],[79.79294156600002,8.228079659000173],[79.81069628900013,8.224071506000087],[79.78952854099998,8.233105351000177],[79.810183246,8.238235386000156],[79.81654925700013,8.268615275000172],[79.83358282600005,8.291371225000091],[79.83241683100016,8.324524365000116],[79.84621606100006,8.351108527000065],[79.84293767500003,8.422132722000129],[79.84807736400012,8.441026842000099],[79.86452134000001,8.452617879000172],[79.87080189200009,8.536337918000015],[79.91497502900006,8.54884297500007],[79.91984891200019,8.567164839999975],[79.93284986500004,8.557897350000019]]],[[[79.80267954100009,8.338992880999967],[79.81030631099998,8.338880695000114],[79.80543621300012,8.327123332000156],[79.81392611400008,8.320244527000057],[79.80675217999999,8.320371721000072],[79.80267954100009,8.338992880999967]]],[[[79.80561180700005,8.175095320000025],[79.81250874500017,8.165078415000153],[79.81057027100019,8.161853049000115],[79.80795946500018,8.164914129000067],[79.80561180700005,8.175095320000025]]],[[[79.78801766200013,8.547368919000121],[79.78800430600012,8.510308510000186],[79.78024552400012,8.49304113400018],[79.79116265800013,8.464053493000108],[79.80896396400004,8.448445802000037],[79.81048151600004,8.403347623000116],[79.80603903900004,8.406497151999986],[79.80616256300016,8.44531594300014],[79.7997340010001,8.449531368000123],[79.78625186200003,8.469226017000153],[79.77625942900005,8.502097108000044],[79.78613920300006,8.525350984000113],[79.78265918800014,8.542238087000158],[79.78801766200013,8.547368919000121]]],[[[79.79653320900013,8.30539725300008],[79.80225359200011,8.3044912310001],[79.80137090699998,8.303022833000114],[79.7955252640001,8.305142248000038],[79.79850332600017,8.294169734000093],[79.79582211399998,8.295064757000148],[79.79371082400007,8.299035857999968],[79.79364421300016,8.303960338000138],[79.79503924300013,8.305992656000058],[79.79653320900013,8.30539725300008]]],[[[79.79279201700018,8.282344877000185],[79.79018545800011,8.284019148000084],[79.78992234700007,8.286050812000099],[79.79522473600014,8.283752524000022],[79.79279201700018,8.282344877000185]]],[[[79.78693738499999,8.274542516000054],[79.78615180600013,8.274021429000186],[79.78549091900004,8.274975824000023],[79.78630349400004,8.275185783000097],[79.78693738499999,8.274542516000054]]],[[[79.78044767800014,8.271422381999969],[79.78589675100005,8.268107525000062],[79.78171070500008,8.26231348600004],[79.77481860300003,8.268847554000104],[79.78044767800014,8.271422381999969]]],[[[79.78332354800006,8.219026860000156],[79.78470939100004,8.21743574300001],[79.7854871900002,8.215036632000022],[79.78193798200016,8.215924],[79.78332354800006,8.219026860000156]]],[[[79.78132391700007,8.24077731300008],[79.77996904800017,8.240756592000025],[79.77965290800012,8.240588362000153],[79.78090536700006,8.24145772200012],[79.78132391700007,8.24077731300008]]],[[[79.77953065000008,8.237507673000096],[79.77825004700009,8.233131377000177],[79.77827895400009,8.236519780000151],[79.77919201000014,8.238206904000094],[79.77953065000008,8.237507673000096]]],[[[79.77913186200016,8.189312200000188],[79.76805340300001,8.180119761000185],[79.75531572000011,8.1731762550001],[79.77505275900006,8.192753212000184],[79.77913186200016,8.189312200000188]]],[[[79.77599507500003,8.244430326999975],[79.77502531800019,8.245009898999967],[79.7755895630001,8.245804593000173],[79.77638999000015,8.245504791000087],[79.77599507500003,8.244430326999975]]],[[[79.77407945300018,8.272704678000025],[79.77250205200016,8.273086513000123],[79.77204309799998,8.278753038000104],[79.77397591200003,8.274290615999973],[79.77407945300018,8.272704678000025]]],[[[79.77075700500006,8.214086164000094],[79.76882241300007,8.207526595000104],[79.76543974600003,8.210100325000099],[79.765091718,8.212790779000102],[79.77075700500006,8.214086164000094]]],[[[79.76143964800019,8.278541262000147],[79.76816867700018,8.278500882000174],[79.76890540500017,8.27643617100017],[79.76308641100013,8.27445543500005],[79.76143964800019,8.278541262000147]]],[[[79.75674316900017,8.177555486000188],[79.75468296100007,8.179620828000168],[79.75541080900007,8.180690982999977],[79.75722471500006,8.17906586900017],[79.75674316900017,8.177555486000188]]],[[[79.74866798200003,8.172507729000074],[79.74826594700005,8.176808373000085],[79.75075036300012,8.177557872000023],[79.75134847200013,8.175805113000024],[79.74866798200003,8.172507729000074]]],[[[79.74897261900009,8.178698344000054],[79.7486516370002,8.178956470000116],[79.74919910099999,8.180121019000069],[79.7493623490002,8.179198321000115],[79.74897261900009,8.178698344000054]]]]}},{"type":"Feature","id":"anuradhapura","properties":{"district_id":"anuradhapura","name":"Anuradhapura","pcode":"LK71","province":"North Central"},"geometry":{"type":"Polygon","coordinates":[[[80.94121278400019,8.342263153000033],[80.93054103700013,8.345642945000066],[80.9116223440002,8.32554411000001],[80.89996700800003,8.279925566000088],[80.80585556100016,8.278886618000115],[80.78645110200017,8.204417755000122],[80.76022511200006,8.150999748000118],[80.75703918500011,8.070110177000174],[80.7765102940001,8.06826436900019],[80.75785991700019,8.043397528000185],[80.76383574599998,8.018886267000084],[80.70532469600005,7.990551013000072],[80.68178062800013,7.955593659000101],[80.65760230200016,7.95939713100006],[80.65389630600009,7.913781963000019],[80.63222057400009,7.900223746000108],[80.63822171500004,7.888420827000061],[80.62315221500018,7.883836122000048],[80.62354095300003,7.870052219000115],[80.61404996600015,7.860594879000075],[80.60038691700004,7.855496451000135],[80.59077560400016,7.867389091000177],[80.57435735400009,7.869101520000015],[80.56375665700006,7.84870448900017],[80.52606838500009,7.827084626000044],[80.50214754300009,7.827081561000057],[80.50129788900017,7.816921857000182],[80.48383042000006,7.823455329000069],[80.4688149370001,7.850042157000189],[80.47986269300009,7.880966532000116],[80.46457258000004,7.909487333000129],[80.46034376600005,7.945553936000124],[80.44858969300003,7.954678690000151],[80.43487246500013,7.946088756000165],[80.41767300800018,7.949740134000081],[80.42607706700016,7.963858594000158],[80.41536830300015,8.006389274000185],[80.41925281200014,8.04378602800017],[80.40516898600015,8.056215682000072],[80.39281577900005,8.04823723800007],[80.36973200800014,8.057473533000177],[80.30926112400005,8.118336494000118],[80.26711814500015,8.115327057000059],[80.25261749800006,8.132739826999966],[80.21376905300014,8.143809268000098],[80.20577815700011,8.153502448000097],[80.18739616599998,8.151199423000037],[80.1838249380001,8.162045860000148],[80.12177448500012,8.180928465000079],[80.07861887900009,8.223370121000073],[80.06305791200015,8.219196401000033],[80.03738070300005,8.236519095000176],[80.02364379700015,8.224724368000125],[80.00001806700004,8.227797280000175],[79.99640560800003,8.253747311000097],[79.98259710800005,8.277715065999985],[79.97480959200016,8.338354305999985],[79.95179017800012,8.369824880000124],[79.95537772700004,8.394973530000073],[79.98127029900013,8.399576183000136],[79.98894147200008,8.421921623000173],[80.01522175900016,8.440138306000108],[80.03228949800007,8.466297687000122],[80.04315502400004,8.498995855000032],[80.03299336700013,8.52640389700008],[80.05285610300007,8.525764212000183],[80.0559571660001,8.639376571000128],[80.04402503100005,8.674635988000091],[80.079380265,8.654451777000077],[80.11491959800009,8.649594249000188],[80.23522671100005,8.680394769999964],[80.23596513500007,8.629246533000071],[80.24978089200016,8.615155358000038],[80.27443151300008,8.610013528000025],[80.28780752000006,8.55934142000018],[80.33720625500018,8.545795893],[80.35269380400007,8.572379046000094],[80.37883546100005,8.58052473000015],[80.37992163200016,8.621147513000153],[80.39923635200006,8.633951342000046],[80.42434330000015,8.673962001],[80.4501130270001,8.693231411999989],[80.5060302190002,8.658134647000168],[80.52006714800012,8.65893004200018],[80.55384027300005,8.696737093000081],[80.56872865800011,8.700097057000107],[80.57152682700007,8.717560687000173],[80.59002117700015,8.723646663000125],[80.60189038000016,8.745701596000174],[80.61687254000009,8.75191364400007],[80.63414616100016,8.781078716000025],[80.64956556800007,8.78915876700006],[80.65172005199997,8.80040838400015],[80.62566685600012,8.838226913000085],[80.59177627700006,8.847398855000108],[80.5962634490001,8.869890093000151],[80.66760060600018,8.871819543000129],[80.71353846000005,8.899494786000162],[80.75434788600012,8.905567832000088],[80.78707532500005,8.921627950000016],[80.81214924400012,8.916245035999964],[80.87305223100003,8.879195838000157],[80.91329447300006,8.830201168000144],[80.88360761200005,8.787582653000015],[80.88008385700005,8.766222252000034],[80.87947945400003,8.752119885000184],[80.89249134500011,8.742093309000154],[80.89336358800006,8.716695056000049],[80.91297529600007,8.68252519900011],[80.8931019870002,8.645916846000091],[80.8941388790002,8.62207431600018],[80.9138872220002,8.609976724000035],[80.91416510100015,8.58983603300004],[80.94679224500004,8.55608853400014],[80.94894420300011,8.508101491000104],[80.96527004100017,8.499095110000155],[80.96528225100013,8.487407432000168],[80.9934427450001,8.482709807000049],[80.98973742800018,8.468949565000173],[80.97494727700007,8.468177062000109],[80.92915024800004,8.390529743],[80.92958903200014,8.351081872000066],[80.94121278400019,8.342263153000033]]]}},{"type":"Feature","id":"polonnaruwa","properties":{"district_id":"polonnaruwa","name":"Polonnaruwa","pcode":"LK72","province":"North Central"},"geometry":{"type":"Polygon","coordinates":[[[80.94121278400019,8.342263153000033],[80.95186409700011,8.32192296800008],[80.9618856800002,8.324719113000072],[80.98061918800016,8.312588270000106],[80.9883130820001,8.272695660000181],[81.0391046970002,8.278853709000145],[81.07837407700003,8.27268114500015],[81.1087466420002,8.255118042000106],[81.12644448500015,8.263740873000074],[81.14167143800017,8.259185381000123],[81.16654066700005,8.23327006400001],[81.20150004400006,8.228704133000178],[81.20277881300007,8.183444245999965],[81.21309207700006,8.180313068999965],[81.20545071200007,8.161702962],[81.19171334900005,8.154137892000051],[81.20539252400005,8.14823513000016],[81.23184159100009,8.156182790000173],[81.23410458000018,8.17435698100013],[81.24308212200015,8.180165198000111],[81.23768997700012,8.196325473000059],[81.25196545400007,8.21123785400016],[81.24977964900012,8.225960059000101],[81.26923916500016,8.23479168200015],[81.26623155000004,8.241862676999972],[81.28135727800014,8.249949524000044],[81.28041056400014,8.256932746000132],[81.28737660600007,8.261632243000065],[81.31411939100008,8.24879750600013],[81.30663676600011,8.029163628],[81.33456881000018,7.970161456000085],[81.33976789600013,7.936542886000097],[81.30660404400004,7.936571872000172],[81.28902370500003,7.947719172000063],[81.27470320900017,7.937299693000114],[81.25376690400009,7.936889056000155],[81.23697295600005,7.921389023000074],[81.22481227200012,7.821049357000106],[81.22725880300015,7.777240287000154],[81.24043494800014,7.74044980400015],[81.23419604200012,7.722761350000155],[81.24114269800003,7.715201942000135],[81.24100785700017,7.681602339],[81.22375445500012,7.673555455000155],[81.2129255430001,7.641154257000153],[81.19479773500018,7.657714300000123],[81.1902989570001,7.651020554000183],[81.17754692700015,7.667285364000179],[81.17184312800009,7.643507308000039],[81.16415895700015,7.648343807000117],[81.15193273699998,7.642910235000159],[81.14720010700012,7.657731841999976],[81.1040021010001,7.660531050000145],[81.0967146930002,7.684943861000079],[81.10980373200005,7.694005682000125],[81.10617642100004,7.721837334999975],[81.08624033000012,7.728503322000051],[81.0754461090001,7.716286912000044],[81.06635138000013,7.717393814000104],[81.05270092800009,7.736966410999969],[81.0563265780001,7.72227529900016],[81.038378969,7.703166611000086],[81.0368478170002,7.717706264000071],[81.02840037300007,7.720291270000075],[81.02122133100005,7.71202591499997],[81.00732683800015,7.730131661000087],[80.98007482900016,7.71591364700015],[80.93163802900011,7.70899240100016],[80.88499935100015,7.714613070000098],[80.8777957150001,7.681477239000117],[80.86984435800008,7.689603002000013],[80.85348782300002,7.688857135000035],[80.85271470600014,7.701794082000106],[80.8375817880002,7.680596135000087],[80.80836150800008,7.671199849000118],[80.80438587700002,7.679106627000124],[80.78013301900012,7.67839715000008],[80.77031146200005,7.691593165000086],[80.76145759900015,7.791966074000072],[80.768606492,7.801991282000188],[80.79629453900009,7.804307473000108],[80.79339225100011,7.818543465000062],[80.80579681400019,7.830792877000022],[80.81767653100013,7.924504829000171],[80.83242731100012,7.954900751000139],[80.8527443160001,7.962589600000115],[80.82331952600015,7.9702002840001],[80.81385752699998,7.982773960000031],[80.8005332100002,7.976771965000012],[80.79963211400008,7.958217469000147],[80.7861923480001,7.961902577000046],[80.77758838200015,7.967058768000072],[80.77863257500013,7.995901279000066],[80.75643640200008,8.009638669000026],[80.76389686500016,8.019147110000063],[80.75785991700019,8.043397528000185],[80.7765102940001,8.06826436900019],[80.75703918500011,8.070110177000174],[80.76022511200006,8.150999748000118],[80.78645110200017,8.204417755000122],[80.80585556100016,8.278886618000115],[80.89996700800003,8.279925566000088],[80.9116223440002,8.32554411000001],[80.93054103700013,8.345642945000066],[80.94121278400019,8.342263153000033]]]}},{"type":"Feature","id":"badulla","properties":{"district_id":"badulla","name":"Badulla","pcode":"LK81","province":"Uva"},"geometry":{"type":"Polygon","coordinates":[[[81.27080150000018,7.277961619000109],[81.2300349050002,7.269267236000019],[81.2359153450002,7.239508571000101],[81.2054370410001,7.202082032000021],[81.18743496500008,7.191877378000186],[81.18555629600019,7.174347187000023],[81.1637750860001,7.173226212000088],[81.1495011670001,7.196297560000176],[81.1227993660001,7.166186829000026],[81.12666539400004,7.142311004000135],[81.15911929100008,7.112754322000114],[81.16774800200017,7.083403688999965],[81.21255414500013,7.096437828000091],[81.2171012870001,7.080444323999984],[81.22941180400005,7.084012886000039],[81.24328097800003,7.046874640000112],[81.24427506800004,7.00960982100014],[81.2309345700001,6.990007193],[81.233717,6.962572969000121],[81.22210749300007,6.964622548000136],[81.2192895820001,6.957781798999974],[81.2272881770001,6.945446100000083],[81.20721675900012,6.939112265000176],[81.20085501200015,6.930875255000046],[81.20664408900012,6.922487697000065],[81.18708836299999,6.920820431000152],[81.18157382000015,6.928038005000133],[81.1771796110001,6.902571821000151],[81.11414033700015,6.872427300000084],[81.11112307400015,6.863899711000158],[81.13733328600006,6.838358593],[81.09688367900014,6.828120529000046],[81.09883737800004,6.811768974000074],[81.08950267400007,6.807835730000079],[81.06584443200012,6.812952997000082],[81.06562698900018,6.759532524000065],[81.052866145,6.739260363000085],[81.08500391500007,6.728447770000116],[81.0795879310001,6.697440275000019],[81.06400946999997,6.683631235],[81.06143299900009,6.646727670000075],[81.08679571500016,6.60738593100001],[81.07691700100014,6.612167258000113],[81.06556222500012,6.604052033000016],[81.05944097300011,6.594167559000027],[81.06268847400014,6.576457078999965],[81.04251106300012,6.588875567000059],[81.03570524300011,6.583674234000171],[81.02572829500014,6.570633207000014],[81.02309580100007,6.542671982000115],[80.99550361200016,6.577010298000175],[80.99940884100005,6.614414036000028],[80.99053266300018,6.620417616000111],[80.97804081900006,6.616316147000134],[80.97623200100014,6.642425657000047],[80.96779803300007,6.653448935000142],[80.95346915500005,6.655725910000115],[80.93895481000004,6.693083833],[80.9269050640001,6.688865183000189],[80.91572334100016,6.694833706000111],[80.90789061900006,6.677664614000093],[80.89232648800004,6.674861863000103],[80.88391562400011,6.66303694200019],[80.86320408800009,6.665646662000142],[80.85685626000014,6.657148833000178],[80.82963350500006,6.668982052000047],[80.82605771100015,6.689594106000186],[80.81403057800003,6.703544542000031],[80.85283166300013,6.719113157000038],[80.85042791400008,6.731049341000187],[80.85823871200012,6.741431227000135],[80.83671783200009,6.743939737],[80.82746826400006,6.759698330000106],[80.81408799300004,6.754472111000155],[80.80863913300004,6.791697540000087],[80.83389655700017,6.79994857000014],[80.83662713000007,6.812931789000118],[80.82237090500007,6.815364285000101],[80.81485124500017,6.828684848000137],[80.83253945200005,6.833597367999971],[80.83737677800008,6.843298244999971],[80.8211068780002,6.861178710000161],[80.82518171400005,6.87519859400004],[80.81207361600008,6.879356501000075],[80.81446555800011,6.891796500000055],[80.776275102,6.913498970000035],[80.78151737100006,6.921416210000132],[80.81198434100008,6.917156393000027],[80.82739531800001,6.925587617000076],[80.83567257800013,6.955137154999989],[80.86397536300007,6.978836745000024],[80.89649351300011,6.976118285000155],[80.92015361800014,6.990596167999968],[80.93139326400018,7.037139296000021],[80.96486861699998,7.078305316000126],[80.95148850600003,7.101463570000078],[80.96618902699998,7.122267774000136],[80.95095946900005,7.129703973000176],[80.94971965300016,7.139253490000101],[80.95288423500017,7.14599956800015],[80.96265400300007,7.142492887000174],[80.96269891400016,7.158993953000163],[80.94297998000019,7.197734034000177],[80.97223299700005,7.197135635000166],[80.9811672670001,7.213141713000027],[81.0072339620001,7.21591272500018],[81.01640835799998,7.232551802000103],[80.97643699800017,7.36281480800011],[80.98147406000004,7.396175487000164],[80.96887171700013,7.413576351000188],[80.97144915900003,7.56913019100017],[80.97951928000009,7.621613340000067],[80.98593705200017,7.609654778000049],[81.01436179100006,7.593967422000048],[81.01435688500015,7.551334464000092],[81.0289634510001,7.536343421000083],[81.04037485000003,7.504437297000152],[81.07784667900012,7.510928826],[81.12172734500012,7.550775105000071],[81.15053572400012,7.563764182],[81.18866383300013,7.573080247000178],[81.20473034000014,7.558262136000053],[81.20739635700005,7.517154487000084],[81.1989835080002,7.498392721000073],[81.19921636200013,7.469635400000186],[81.18301766900015,7.442490166000027],[81.20226930000013,7.391409890000148],[81.19454018400006,7.376480362000109],[81.2206292680001,7.332555991000163],[81.23765984900012,7.342888187000085],[81.2461336670001,7.335054891000141],[81.26734829500003,7.304948510000031],[81.27080150000018,7.277961619000109]]]}},{"type":"Feature","id":"monaragala","properties":{"district_id":"monaragala","name":"Monaragala","pcode":"LK82","province":"Uva"},"geometry":{"type":"Polygon","coordinates":[[[81.60850614600008,6.580121189000124],[81.60004566700019,6.560578153000108],[81.58194362200015,6.550788194],[81.56583559000018,6.554328866000048],[81.48115483700008,6.495482496000079],[81.47949595300014,6.47218137100009],[81.48667462700007,6.463296468000124],[81.47613751700004,6.449348357000076],[81.47546666400007,6.408569253000167],[81.4379487170001,6.420371542000112],[81.40219933700018,6.406922210000062],[81.39442221600018,6.417015779000053],[81.38191903500012,6.397109107000176],[81.27622203200013,6.366273012000079],[81.25108930100015,6.340201524000122],[81.22509626300013,6.343914941000151],[81.22440003200012,6.35851701100006],[81.18479315900015,6.406497312000056],[81.15780778400017,6.392688025000098],[81.1452413180001,6.39758189500003],[81.13802470200005,6.423355955999966],[81.1029167100001,6.417299883999988],[81.07321997400004,6.422657596000079],[81.0626127760001,6.410050672000068],[81.050344848,6.420577825000066],[81.0461131900002,6.39820907800015],[81.0149418150001,6.395487097000057],[81.01014269300003,6.388593221000065],[81.00768884600012,6.369439680000085],[81.01954336600005,6.351580012000113],[81.00343836600013,6.336956679000139],[80.95304669900008,6.316791678000129],[80.93675170000017,6.30424667900013],[80.932110416,6.286191098000074],[80.90661451800008,6.321490230000052],[80.90321465300008,6.344384763000107],[80.86710526500019,6.355653123000025],[80.83888986400007,6.402080289000082],[80.84430332500006,6.404813180000133],[80.84040046700005,6.460000260000072],[80.83085573300008,6.498079735000147],[80.86501953000004,6.552034776000141],[80.86032434100014,6.560182785000109],[80.87239669200005,6.582251042],[80.86925946700006,6.592879472000106],[80.87633002800004,6.59312216800015],[80.87518497200017,6.610608340999988],[80.90316481400009,6.637585792000039],[80.91256539000005,6.672529533000045],[80.92900920800014,6.691609011000025],[80.93941768000013,6.692656848000127],[80.95346915500005,6.655725910000115],[80.96779803300007,6.653448935000142],[80.97623200100014,6.642425657000047],[80.97804081900006,6.616316147000134],[80.99053266300018,6.620417616000111],[80.99940884100005,6.614414036000028],[80.99550361200016,6.577010298000175],[81.02309580100007,6.542671982000115],[81.02572829500014,6.570633207000014],[81.0409638220001,6.588603793000118],[81.06268847400014,6.576457078999965],[81.05944097300011,6.594167559000027],[81.06556222500012,6.604052033000016],[81.07691700100014,6.612167258000113],[81.08679571500016,6.60738593100001],[81.06143299900009,6.646727670000075],[81.06400946999997,6.683631235],[81.0795879310001,6.697440275000019],[81.08500391500007,6.728447770000116],[81.052866145,6.739260363000085],[81.06562698900018,6.759532524000065],[81.06584443200012,6.812952997000082],[81.08950267400007,6.807835730000079],[81.09883737800004,6.811768974000074],[81.09688367900014,6.828120529000046],[81.13733328600006,6.838358593],[81.11112307400015,6.863899711000158],[81.11414033700015,6.872427300000084],[81.1771796110001,6.902571821000151],[81.18157382000015,6.928038005000133],[81.18708836299999,6.920820431000152],[81.20664408900012,6.922487697000065],[81.20085501200015,6.930875255000046],[81.20721675900012,6.939112265000176],[81.2272881770001,6.945446100000083],[81.21961262000013,6.952071935000049],[81.22193848100011,6.964410961000112],[81.233717,6.962572969000121],[81.2309143560002,6.989903852000054],[81.24510415000009,7.022438704000137],[81.22992070900011,7.083153098000139],[81.2171012870001,7.080444323999984],[81.21255414500013,7.096437828000091],[81.16774800200017,7.083403688999965],[81.15911929100008,7.112754322000114],[81.12506585200003,7.145273232000079],[81.12319864500017,7.167071244000113],[81.1495011670001,7.196297560000176],[81.1637750860001,7.173226212000088],[81.18555629600019,7.174347187000023],[81.18743496500008,7.191877378000186],[81.2054370410001,7.202082032000021],[81.2359153450002,7.239508571000101],[81.2300349050002,7.269267236000019],[81.27080150000018,7.277961619000109],[81.28545922200004,7.242253279000181],[81.32148087700006,7.265170355000066],[81.32060819800006,7.338206866000064],[81.33488540600007,7.334138174000032],[81.36662738500019,7.342946157000085],[81.36361117700017,7.356013299000153],[81.38650544300015,7.36960545300019],[81.37471315700003,7.409354177000068],[81.40610795300006,7.415872820000061],[81.40705327500012,7.431661836999979],[81.45548327600005,7.459006937000026],[81.47963542000019,7.454306339000084],[81.46218211400009,7.427952576000166],[81.47800916200009,7.421893118000071],[81.47256636100019,7.393475313000067],[81.49119931200005,7.335746555000185],[81.47842409000015,7.324342036000075],[81.52002145500018,7.287938547000124],[81.52735757800008,7.253134369000065],[81.52111507400014,7.242989295000143],[81.55595490600012,7.219153937000101],[81.52320352400011,7.19776427700009],[81.50156001400006,7.157869340000104],[81.50220341800019,7.146650156000135],[81.51405746400008,7.136165097000116],[81.51532156400003,7.102925243000129],[81.61364050500009,7.067570264999972],[81.6189890620002,7.049169253000173],[81.60763417600003,7.0287644550001],[81.62190355000013,6.998196388000167],[81.617741534,6.980425677000028],[81.63772658600016,6.959896342000036],[81.6276438230002,6.910748476000151],[81.60850614600008,6.580121189000124]]]}},{"type":"Feature","id":"ratnapura","properties":{"district_id":"ratnapura","name":"Ratnapura","pcode":"LK91","province":"Sabaragamuwa"},"geometry":{"type":"Polygon","coordinates":[[[80.49511910100017,6.831973012000049],[80.49057883800009,6.814636343000132],[80.50157046700014,6.808961593000049],[80.48559979000004,6.795857767000143],[80.49994255799999,6.779247988000122],[80.52686971100013,6.768277050000108],[80.54232507700016,6.777118377000022],[80.57307414400015,6.764487536000104],[80.65154188200017,6.751732460000085],[80.66093022100006,6.762263418000089],[80.70473192200006,6.754395026999987],[80.73419749200013,6.762176658000044],[80.74656979500003,6.757302008000124],[80.7753961840001,6.779050727000083],[80.79202081100016,6.773450094],[80.80863913300004,6.791697540000087],[80.81408799300004,6.754472111000155],[80.82746826400006,6.759698330000106],[80.83671783200009,6.743939737],[80.85823871200012,6.741431227000135],[80.85042791400008,6.731049341000187],[80.85283166300013,6.719113157000038],[80.81403057800003,6.703544542000031],[80.82605771100015,6.689594106000186],[80.82963350500006,6.668982052000047],[80.85727984100009,6.657227723000119],[80.86320408800009,6.665646662000142],[80.88391562400011,6.66303694200019],[80.89232648800004,6.674861863000103],[80.90789061900006,6.677664614000093],[80.9179235220002,6.695878650000054],[80.92807279400006,6.688292913999987],[80.91234989400016,6.672103691000132],[80.90316481400009,6.637585792000039],[80.8752567910002,6.610787781000113],[80.87633002800004,6.59312216800015],[80.86925946700006,6.592879472000106],[80.87239669200005,6.582251042],[80.86032434100014,6.560182785000109],[80.86514399300012,6.552326665000066],[80.82947171900014,6.489947220000033],[80.84040046700005,6.460000260000072],[80.84430332500006,6.404813180000133],[80.83888986400007,6.402080289000082],[80.8455037710001,6.386279687000126],[80.86733243300017,6.355449700000179],[80.90321465300008,6.344384763000107],[80.90661451800008,6.321490230000052],[80.941142292,6.270504668000115],[80.95205728600018,6.235443142000122],[80.9400398210002,6.228783817000021],[80.93239951600015,6.23968883900011],[80.90920754400003,6.238599359000034],[80.88995516300002,6.250714394000113],[80.88199959800005,6.246051535000049],[80.86357783000011,6.274955943000123],[80.84445242000004,6.26663334400007],[80.79887010800007,6.267604781999978],[80.70339210000003,6.306809760000021],[80.67072593900019,6.30554343600005],[80.67547319300007,6.32253229500003],[80.6582110120001,6.337091531999988],[80.665251221,6.339277062000178],[80.66236585600012,6.354289697000013],[80.61203732800004,6.345819080000012],[80.6063859030001,6.361589168000137],[80.61862461200008,6.369900453000071],[80.61924202900013,6.396851440000091],[80.55460142500016,6.389899454000044],[80.54555530400017,6.395225511000092],[80.53434236300006,6.389285911000172],[80.53359588800004,6.374333865000096],[80.4955820830001,6.368162786000084],[80.49107312200016,6.380282155000032],[80.47226620200013,6.37873717399998],[80.44142102299998,6.394561793999969],[80.42130201300012,6.391015157000083],[80.3804567470001,6.426650611000184],[80.30574224000003,6.538204128000132],[80.29515844100013,6.562742552000032],[80.31443172600007,6.570654899000033],[80.30407113100006,6.595451991000061],[80.28194973800015,6.618256345000077],[80.25497873000018,6.627080120000187],[80.24951843400015,6.658510044000082],[80.21613527000005,6.691405585000041],[80.19912801499999,6.726625195000054],[80.20607639100007,6.732331325000189],[80.17765952800016,6.816022532000147],[80.19908038600005,6.814332304000118],[80.20299176200007,6.830340911000121],[80.19482444800019,6.85153759300016],[80.17546527100006,6.859852362000026],[80.18965096800002,6.899703172000045],[80.21643282000014,6.91637126400019],[80.22495183500007,6.930911447000028],[80.23444282600013,6.90343966800009],[80.25144574600006,6.901124462000041],[80.26779323700009,6.874512036000056],[80.28036227400008,6.871356874000128],[80.28383854800012,6.854521164000175],[80.30630579900003,6.863951366000094],[80.3404062730001,6.829945062000149],[80.35759799300007,6.849280751000094],[80.38807790900006,6.850340667000069],[80.40098020700003,6.85998994800002],[80.42333938400003,6.839018072000158],[80.4322670430002,6.847021323000035],[80.44448892100019,6.831674877000182],[80.47934291900009,6.829155613000069],[80.48917983500007,6.832224191000137],[80.49218403100014,6.832417387000135],[80.49275858800013,6.832369872000015],[80.49506272400004,6.831991758000186],[80.49511910100017,6.831973012000049]]]}},{"type":"Feature","id":"kegalle","properties":{"district_id":"kegalle","name":"Kegalle","pcode":"LK92","province":"Sabaragamuwa"},"geometry":{"type":"MultiPolygon","coordinates":[[[[80.42117649000016,7.356218926000054],[80.4269609820002,7.32995803600005],[80.4526492920001,7.315298610000184],[80.48240874599998,7.283688595000172],[80.47877259600006,7.268076250000092],[80.50180834400004,7.259965984000132],[80.51911892700014,7.240715443000113],[80.52166737300013,7.225164777000089],[80.51265915600004,7.210993897000151],[80.54866208900006,7.16791728100003],[80.53207714800016,7.168745422000086],[80.52769190600003,7.161444630000176],[80.53395795400019,7.153558526000097],[80.51150659600006,7.149796352000067],[80.501395177,7.128219371000114],[80.46134997100012,7.123552532000019],[80.43281556500011,7.105636383000103],[80.43524824200006,7.091980418000048],[80.45566744600006,7.095411180000042],[80.46311177700005,7.089031917999989],[80.45944711700002,7.07938934800012],[80.4715244030001,7.064096245000144],[80.45723369500007,7.03332163500005],[80.46672802900014,7.017197420000059],[80.43056741400017,6.987874471000111],[80.44504469700013,6.964577125],[80.43721342200013,6.956566435000127],[80.43098580000014,6.912351505],[80.49241184800007,6.891994075000127],[80.5003405980001,6.884555574000103],[80.49417082900004,6.873465553000074],[80.49922598600006,6.857654418999971],[80.51114494600017,6.846746009000185],[80.49585716100012,6.831727594000029],[80.44935899800015,6.830523933000165],[80.4322670430002,6.847021323000035],[80.42333938400003,6.839018072000158],[80.40098020700003,6.85998994800002],[80.38807790900006,6.850340667000069],[80.35759799300007,6.849280751000094],[80.3404062730001,6.829945062000149],[80.30630579900003,6.863951366000094],[80.28383854800012,6.854521164000175],[80.28036227400008,6.871356874000128],[80.26779323700009,6.874512036000056],[80.25144574600006,6.901124462000041],[80.23444282600013,6.90343966800009],[80.22517623500016,6.930851392000079],[80.21049526900015,6.91708479100015],[80.20813112700012,6.937502043000165],[80.22393072900013,6.941641607000179],[80.21813353400017,6.973054024000021],[80.17930016600019,6.977575351999974],[80.18178807500004,6.996868648000088],[80.16417852300003,7.056088628000055],[80.1859139730002,7.103244411000105],[80.194961019,7.100361290000023],[80.21270225900014,7.132200566000051],[80.1747040570001,7.136246942000014],[80.16329041200015,7.12511204600014],[80.1539927390001,7.150335122000058],[80.15389208800002,7.183192399000063],[80.14616188200011,7.188964480000038],[80.15296599000015,7.192720340000108],[80.15875796700004,7.184407420000127],[80.16303277800017,7.194168870000055],[80.1824079220001,7.193796423000094],[80.18668340400018,7.235235760000137],[80.2007272850002,7.245686565000028],[80.19602139000011,7.258222692000174],[80.25449011299997,7.304426755000122],[80.27903644900005,7.318111672000043],[80.31628518300005,7.320977079000102],[80.32061669700016,7.328648238000028],[80.33842411100005,7.32118816600007],[80.34992521100008,7.338944551000111],[80.34252010200015,7.351378854000131],[80.35579115500013,7.357396864000179],[80.34659603000006,7.386768948000167],[80.39302420800016,7.396261934000108],[80.41128589300007,7.383787940000104],[80.41381386100016,7.35704779200006],[80.42117649000016,7.356218926000054]]],[[[80.16117239600004,7.198525511000014],[80.16062665600003,7.202556319000109],[80.166997723,7.201620723000133],[80.167061052,7.200099767000097],[80.16117239600004,7.198525511000014]]]]}}]}